id,first_name,last_name,email,gender,ip_address,number
1,Siobhan,Kordovani,skordovani0@yellowbook.com,Female,157.88.252.11,767-504-0665
2,Ray,Playford,rplayford1@soup.io,Female,184.220.113.198,722-787-1990
3,Fernando,Onions,fonions2@sina.com.cn,Male,65.225.198.183,435-855-8520
4,Ardene,McDool,amcdool3@techcrunch.com,Female,82.61.69.191,847-111-6377
5,Violante,Egleton,vegleton4@free.fr,Female,158.86.107.53,817-100-8931
6,Maurene,Raitie,mraitie5@sakura.ne.jp,Polygender,120.236.213.52,433-212-9620
7,Lionel,Coull,lcoull6@skype.com,Polygender,119.90.86.106,351-612-0567
8,Reilly,Raeside,rraeside7@github.com,Male,227.216.149.49,573-230-1039
9,Lilas,Eccersley,leccersley8@salon.com,Female,193.100.136.184,573-933-1008
10,Adella,Proske,aproske9@buzzfeed.com,Female,120.114.142.11,411-554-5677
11,Gert,Tuckwell,gtuckwella@ow.ly,Female,56.82.154.233,750-231-0003
12,Burke,Wratten,bwrattenb@slashdot.org,Male,114.208.68.244,346-269-3436
13,Melvyn,Brockie,mbrockiec@hostgator.com,Male,176.48.122.98,102-255-7837
14,Saxon,Eddicott,seddicottd@google.com,Male,47.183.222.0,419-839-5572
15,Annmarie,Everingham,aeveringhame@tuttocitta.it,Female,129.33.75.120,925-418-8193
16,Lesley,Collinette,lcollinettef@merriam-webster.com,Female,146.98.91.8,242-224-1418
17,Freida,Camillo,fcamillog@cafepress.com,Female,38.228.36.133,474-112-0787
18,Wally,Hazley,whazleyh@bluehost.com,Female,118.195.15.185,741-753-5617
19,Moll,Shimman,mshimmani@phoca.cz,Female,246.139.58.232,141-347-1507
20,Eward,Healing,ehealingj@godaddy.com,Male,17.236.39.99,449-819-9246
21,Annis,Dilleway,adillewayk@flavors.me,Female,134.24.123.49,381-939-4714
22,Eloise,Skaife,eskaifel@woothemes.com,Bigender,219.165.147.227,375-790-5235
23,Deana,Emmerson,demmersonm@angelfire.com,Female,84.161.12.46,260-192-7499
24,Dylan,Aldersey,dalderseyn@youtu.be,Bigender,134.211.108.242,918-469-7281
25,Isak,Lavelle,ilavelleo@thetimes.co.uk,Male,175.205.72.221,851-231-6383
26,Guido,Laurance,glaurancep@sakura.ne.jp,Male,206.237.207.246,794-501-9502
27,Kamilah,Scarrisbrick,kscarrisbrickq@nps.gov,Female,96.95.98.231,409-120-5566
28,Drugi,Kellet,dkelletr@ed.gov,Male,185.116.75.73,613-364-9797
29,Reinald,Fairman,rfairmans@photobucket.com,Male,84.28.74.141,148-197-4649
30,Alisa,Champness,achampnesst@over-blog.com,Female,128.230.209.152,860-554-4557
31,Tersina,Whitwam,twhitwamu@answers.com,Female,240.198.144.147,123-437-2301
32,Hyman,Landell,hlandellv@vinaora.com,Male,172.193.93.74,421-180-7713
33,Alica,Merrall,amerrallw@google.com,Female,147.203.38.145,477-259-7972
34,Kelli,Symmers,ksymmersx@newsvine.com,Female,248.121.155.231,190-226-2579
35,Tremain,Itzkovwitch,titzkovwitchy@technorati.com,Male,151.166.35.42,736-954-9757
36,Shermy,McSaul,smcsaulz@studiopress.com,Male,84.156.228.61,503-798-5577
37,Alverta,Peatt,apeatt10@dailymotion.com,Bigender,130.51.106.32,754-737-3999
38,Fair,Byllam,fbyllam11@go.com,Male,23.79.197.151,115-881-0544
39,Idalina,Delaney,idelaney12@com.com,Female,173.178.148.117,784-467-7213
40,Carri,Skelding,cskelding13@mozilla.com,Female,205.212.198.76,935-369-0190
41,Muhammad,Plume,mplume14@posterous.com,Male,50.56.169.245,200-769-9235
42,Cherin,Lazonby,clazonby15@twitter.com,Female,231.92.170.131,468-286-3383
43,Cherida,Korejs,ckorejs16@hexun.com,Female,126.207.41.208,249-833-1039
44,Blondie,Vergine,bvergine17@fema.gov,Female,21.140.44.160,366-160-4046
45,Ruby,Yakunkin,ryakunkin18@exblog.jp,Female,185.45.4.47,133-374-9860
46,Antone,Jozaitis,ajozaitis19@umn.edu,Male,86.36.74.230,937-837-5929
47,Maggi,Legging,mlegging1a@1688.com,Female,168.62.234.107,478-406-9562
48,Kay,Tousy,ktousy1b@archive.org,Female,207.176.222.239,158-747-5223
49,Stinky,Graine,sgraine1c@huffingtonpost.com,Male,114.225.31.73,663-374-5207
50,Wang,Jaslem,wjaslem1d@fda.gov,Male,178.220.93.29,673-684-7936
51,Polly,Heditch,pheditch1e@skype.com,Female,118.145.149.222,386-927-0061
52,Perceval,Ballam,pballam1f@hhs.gov,Polygender,153.129.195.152,121-428-6168
53,Gayle,Stones,gstones1g@pen.io,Male,188.14.238.114,216-872-4769
54,Carroll,Bilborough,cbilborough1h@spotify.com,Male,187.118.104.168,740-759-9615
55,Wilek,Ashworth,washworth1i@goo.ne.jp,Male,12.121.74.89,835-649-8284
56,Rachelle,Tixall,rtixall1j@house.gov,Female,82.64.109.173,391-769-8809
57,Lavina,McKern,lmckern1k@tmall.com,Female,115.186.24.55,422-128-9265
58,Roxy,Timcke,rtimcke1l@typepad.com,Female,143.143.99.8,776-510-8668
59,Sigismondo,Jaan,sjaan1m@scribd.com,Male,57.231.134.22,421-810-9925
60,Joeann,Cornewell,jcornewell1n@topsy.com,Female,2.25.166.38,327-152-4155
61,Enrica,Hendron,ehendron1o@comcast.net,Female,60.96.81.145,901-406-7424
62,Trisha,O'Glassane,toglassane1p@apple.com,Female,65.253.118.106,588-513-2422
63,Hilary,Blondel,hblondel1q@whitehouse.gov,Male,128.188.235.175,766-611-1465
64,Vassili,Hamson,vhamson1r@storify.com,Male,184.89.42.231,488-582-4355
65,Dorena,Deaves,ddeaves1s@abc.net.au,Female,33.116.195.156,614-689-6211
66,Oswell,Leads,oleads1t@sohu.com,Male,253.245.53.212,182-330-7744
67,Jeddy,Cleyne,jcleyne1u@so-net.ne.jp,Male,116.57.164.94,529-628-5342
68,Ari,Matz,amatz1v@about.me,Male,209.151.220.80,920-430-4452
69,Munmro,Palffy,mpalffy1w@timesonline.co.uk,Male,117.24.110.159,170-221-2364
70,Blinni,Keal,bkeal1x@opensource.org,Female,103.125.144.251,119-938-1662
71,Arleen,Smurfitt,asmurfitt1y@msu.edu,Female,56.192.154.140,290-556-3814
72,Myles,Treharne,mtreharne1z@oracle.com,Male,147.63.242.83,577-427-4338
73,Huntington,Wickwar,hwickwar20@columbia.edu,Agender,214.211.23.149,562-197-5108
74,Morna,Lincey,mlincey21@google.ca,Genderfluid,121.215.76.240,339-175-1037
75,Diana,Christofol,dchristofol22@mit.edu,Female,10.209.78.5,586-629-7451
76,Vera,Sherer,vsherer23@nationalgeographic.com,Genderfluid,115.128.195.164,470-601-7193
77,Elfrieda,Bauer,ebauer24@samsung.com,Female,242.139.251.136,610-156-3138
78,Gilberto,Paolini,gpaolini25@hubpages.com,Male,117.26.132.155,985-524-5941
79,Lisle,Bream,lbream26@wikispaces.com,Male,96.248.208.80,660-501-3394
80,Hyacinthia,Glavis,hglavis27@nydailynews.com,Female,92.46.202.59,418-277-4707
81,Nils,Lawford,nlawford28@examiner.com,Genderqueer,233.243.214.253,854-373-6040
82,Erv,Coghlan,ecoghlan29@blogger.com,Male,21.100.238.219,744-578-1454
83,Collete,Fulford,cfulford2a@over-blog.com,Non-binary,83.40.249.53,524-281-0793
84,Werner,Fairfoull,wfairfoull2b@smugmug.com,Male,171.11.103.54,773-713-8574
85,Arleyne,Hargreves,ahargreves2c@elegantthemes.com,Female,149.46.190.102,769-288-0317
86,Elvin,Senchenko,esenchenko2d@dropbox.com,Male,178.109.226.91,641-528-2417
87,Wheeler,Moggach,wmoggach2e@mediafire.com,Genderqueer,204.209.76.83,353-496-6747
88,Paulo,Marion,pmarion2f@addthis.com,Polygender,207.171.214.221,101-717-5712
89,Maurine,Doggrell,mdoggrell2g@wikimedia.org,Female,26.227.74.220,208-493-0384
90,Cully,Littlefield,clittlefield2h@ustream.tv,Male,4.95.27.103,367-907-0562
91,Allie,Jaquet,ajaquet2i@cdbaby.com,Male,221.2.141.202,676-368-2483
92,Laina,Meys,lmeys2j@myspace.com,Female,212.102.119.236,180-739-8482
93,Clarabelle,Brinkley,cbrinkley2k@gizmodo.com,Female,92.179.31.177,899-628-8534
94,Gardener,Prodrick,gprodrick2l@pagesperso-orange.fr,Male,96.36.145.233,622-298-0110
95,Robinetta,Boliver,rboliver2m@yale.edu,Female,230.10.59.4,665-858-8616
96,Arlyn,MacDuffie,amacduffie2n@toplist.cz,Female,157.224.18.3,673-417-8179
97,Joseph,Faye,jfaye2o@wikispaces.com,Male,218.69.10.190,873-181-0747
98,Jolynn,Feldbrin,jfeldbrin2p@desdev.cn,Female,165.185.151.231,374-913-4836
99,Patrick,MacMurray,pmacmurray2q@ebay.co.uk,Male,203.109.73.219,603-306-7438
100,Brittani,Kirckman,bkirckman2r@creativecommons.org,Female,157.216.36.19,641-687-8081
101,Barbara,Sapseed,bsapseed2s@domainmarket.com,Female,112.245.73.40,420-926-1220
102,Andy,Kennedy,akennedy2t@bbc.co.uk,Male,171.60.148.36,369-372-5967
103,Fredra,Arundale,farundale2u@sfgate.com,Female,114.188.114.123,628-273-2355
104,Sashenka,Dixey,sdixey2v@cbslocal.com,Female,119.123.31.53,573-454-0106
105,Aileen,Challender,achallender2w@netscape.com,Female,251.233.160.113,510-653-3334
106,Dynah,Chugg,dchugg2x@soup.io,Polygender,204.115.152.2,549-977-3889
107,Suzie,Maffei,smaffei2y@wikia.com,Female,94.15.49.166,857-703-6393
108,Stephine,Elcott,selcott2z@lycos.com,Female,154.208.6.110,411-867-7613
109,Cammy,Dudden,cdudden30@hubpages.com,Male,73.160.196.178,674-501-0211
110,Cheryl,Dallison,cdallison31@dot.gov,Female,189.137.141.239,501-567-5674
111,Georgie,Babinski,gbabinski32@myspace.com,Male,217.211.234.157,930-182-3436
112,Merrilee,Yerill,myerill33@virginia.edu,Female,234.32.115.114,915-406-4185
113,Kev,Speke,kspeke34@dell.com,Male,211.160.214.75,751-201-3004
114,Kipp,Shoesmith,kshoesmith35@plala.or.jp,Genderqueer,9.114.239.82,998-592-0253
115,Beatriz,Matthias,bmatthias36@mac.com,Female,175.151.180.54,702-235-9201
116,Marijo,Pietesch,mpietesch37@illinois.edu,Female,164.115.70.168,803-124-8767
117,Darda,Ince,dince38@prlog.org,Female,231.125.8.255,887-289-7890
118,Townsend,Spittall,tspittall39@rakuten.co.jp,Male,77.172.88.29,397-441-7741
119,Ardath,Demead,ademead3a@nyu.edu,Female,55.245.99.146,913-546-0797
120,Mikey,McKeever,mmckeever3b@rediff.com,Male,42.243.232.159,499-642-8746
121,Sheilakathryn,Mitcheson,smitcheson3c@gmpg.org,Female,51.147.49.176,129-357-8956
122,Ramsay,Alyokhin,ralyokhin3d@booking.com,Male,156.201.245.100,712-443-3377
123,Fiann,Claw,fclaw3e@tripod.com,Female,131.178.68.233,506-747-8059
124,Eda,O'Looney,eolooney3f@marketwatch.com,Female,82.131.79.249,910-930-2311
125,Ferdinand,Torald,ftorald3g@weather.com,Male,66.225.144.161,442-694-8566
126,Liz,Szwarc,lszwarc3h@rediff.com,Female,128.176.238.48,166-760-4934
127,Wald,Dargie,wdargie3i@google.es,Genderfluid,184.49.81.236,286-198-6159
128,Rey,Linggood,rlinggood3j@over-blog.com,Female,180.176.7.197,228-308-0404
129,Joy,Diment,jdiment3k@boston.com,Female,68.195.111.91,356-221-5725
130,Jdavie,Lukianov,jlukianov3l@jalbum.net,Male,107.8.96.140,580-606-7326
131,Shandra,Plenderleith,splenderleith3m@china.com.cn,Non-binary,49.61.8.194,517-250-4033
132,Darrell,Kellert,dkellert3n@canalblog.com,Male,0.163.213.186,231-968-0380
133,Abdel,Plues,aplues3o@sakura.ne.jp,Male,64.111.69.35,310-528-2040
134,Ewell,Lamborne,elamborne3p@irs.gov,Male,91.166.33.208,219-754-5144
135,Codee,Tremblett,ctremblett3q@noaa.gov,Female,228.165.230.252,546-682-4182
136,Editha,Breche,ebreche3r@irs.gov,Female,101.234.124.223,689-122-4936
137,Chickie,Trodden,ctrodden3s@drupal.org,Female,211.150.11.134,138-671-6438
138,Berte,Branchet,bbranchet3t@elpais.com,Female,241.203.196.57,714-223-3501
139,Chrissy,Jervis,cjervis3u@nifty.com,Bigender,69.67.245.56,998-780-8542
140,Kiah,Greenhough,kgreenhough3v@timesonline.co.uk,Female,163.146.102.115,576-382-7739
141,Claudianus,Gitthouse,cgitthouse3w@yale.edu,Male,207.176.16.81,441-324-4354
142,Heywood,Huxtable,hhuxtable3x@cbslocal.com,Male,152.4.122.26,578-438-8372
143,Druci,Pillinger,dpillinger3y@reddit.com,Female,222.240.143.100,566-388-3537
144,Velma,Basant,vbasant3z@comcast.net,Agender,243.30.144.51,289-444-4236
145,Julietta,Gilliat,jgilliat40@dropbox.com,Female,54.80.120.184,814-367-3988
146,Isahella,Kytley,ikytley41@yale.edu,Female,229.70.128.17,400-730-8487
147,Boigie,Edis,bedis42@amazon.co.jp,Male,91.224.208.129,504-876-4970
148,Ursuline,Lotwich,ulotwich43@artisteer.com,Female,242.86.232.98,989-269-0539
149,Dunc,Cashley,dcashley44@usatoday.com,Male,186.207.64.250,585-336-3955
150,Goldia,Ondrus,gondrus45@upenn.edu,Female,94.150.232.228,118-228-0128
151,Johnath,Press,jpress46@fastcompany.com,Female,158.75.228.205,335-412-0194
152,Cathlene,Hynde,chynde47@gizmodo.com,Female,234.142.213.66,309-423-9056
153,Tammie,Pellant,tpellant48@pagesperso-orange.fr,Male,28.74.26.9,877-139-4801
154,Yale,Huggins,yhuggins49@quantcast.com,Male,183.166.82.16,837-260-1355
155,Cozmo,Coughan,ccoughan4a@nba.com,Male,87.170.218.242,281-941-6460
156,Pip,Facher,pfacher4b@free.fr,Male,146.181.130.125,777-887-9821
157,Karly,Mathewson,kmathewson4c@imgur.com,Female,249.154.37.163,379-507-1706
158,Alastair,Iglesia,aiglesia4d@wunderground.com,Male,239.246.200.61,632-727-9560
159,Liam,Chessum,lchessum4e@mayoclinic.com,Male,165.205.195.197,671-235-8871
160,Corissa,Standidge,cstandidge4f@tinypic.com,Female,201.73.53.140,487-145-0747
161,Roselin,Kid,rkid4g@networkadvertising.org,Female,11.130.35.24,289-276-2236
162,Sayres,Baudesson,sbaudesson4h@friendfeed.com,Male,109.193.113.132,379-969-5522
163,Sal,Phillipson,sphillipson4i@so-net.ne.jp,Female,172.2.193.194,199-607-9544
164,Aurilia,Godball,agodball4j@myspace.com,Bigender,60.156.80.57,303-679-7765
165,Lise,Kewzick,lkewzick4k@thetimes.co.uk,Polygender,119.122.79.48,915-603-7397
166,Howey,Axten,haxten4l@google.pl,Male,214.111.94.109,766-555-7458
167,Stanleigh,Beachamp,sbeachamp4m@godaddy.com,Male,146.204.80.217,147-214-5008
168,Tye,Stainland,tstainland4n@epa.gov,Male,228.202.244.169,727-997-1980
169,Lief,Sidgwick,lsidgwick4o@comsenz.com,Male,12.144.2.57,749-883-8905
170,Steward,Brach,sbrach4p@eventbrite.com,Male,136.248.174.62,140-129-4320
171,Aleksandr,Tilby,atilby4q@scribd.com,Non-binary,158.67.80.201,883-299-3103
172,Peterus,Avon,pavon4r@pbs.org,Male,150.30.204.220,325-199-0516
173,Karmen,McCurdy,kmccurdy4s@archive.org,Genderqueer,122.200.237.150,583-853-6213
174,Ninon,Von Welldun,nvonwelldun4t@google.pl,Bigender,7.227.70.138,801-573-3117
175,Zebadiah,Pepon,zpepon4u@economist.com,Male,194.23.20.182,766-131-6397
176,Lurline,McGrotty,lmcgrotty4v@w3.org,Female,39.215.18.88,413-685-9254
177,Freedman,Moscon,fmoscon4w@tinyurl.com,Male,203.220.52.12,252-126-2811
178,Berna,Iacovazzi,biacovazzi4x@stanford.edu,Female,189.249.127.226,272-224-9432
179,Lorant,Feria,lferia4y@alibaba.com,Male,25.184.114.14,685-438-9905
180,Morey,Ciciari,mciciari4z@cmu.edu,Genderfluid,97.191.231.7,900-265-3122
181,Marian,Crush,mcrush50@blogtalkradio.com,Female,18.197.187.221,409-634-3180
182,Tallulah,Stronghill,tstronghill51@cargocollective.com,Female,47.212.111.153,836-414-2430
183,Tannie,Tirrell,ttirrell52@comcast.net,Male,94.205.83.177,208-578-2621
184,Iver,Snary,isnary53@house.gov,Male,28.125.109.20,543-975-9745
185,Ardelis,Winsbury,awinsbury54@ovh.net,Female,248.44.152.159,446-906-2422
186,Daune,Drysdell,ddrysdell55@linkedin.com,Female,136.97.140.145,759-755-9023
187,Pierce,Ciccerale,pciccerale56@webs.com,Polygender,44.29.39.221,911-397-7340
188,Prissie,Bonney,pbonney57@phpbb.com,Female,215.216.199.79,559-535-3893
189,Dill,Macek,dmacek58@uiuc.edu,Male,250.24.234.186,500-493-9268
190,Theodor,Hurdwell,thurdwell59@twitter.com,Male,62.118.108.60,859-838-5200
191,Jarred,Litchfield,jlitchfield5a@si.edu,Male,229.85.52.7,857-637-1425
192,Mahala,Kovelmann,mkovelmann5b@nifty.com,Female,153.245.147.160,234-171-9694
193,Trace,Tink,ttink5c@godaddy.com,Male,98.29.235.215,224-369-1721
194,Den,Finicj,dfinicj5d@spiegel.de,Male,255.51.5.74,692-467-5466
195,Kiri,Barz,kbarz5e@weebly.com,Female,232.122.103.187,498-867-1990
196,Panchito,Werndley,pwerndley5f@freewebs.com,Male,98.156.252.92,746-964-3033
197,Arri,Grassot,agrassot5g@newsvine.com,Male,146.4.17.150,767-204-4385
198,Kym,Clandillon,kclandillon5h@paginegialle.it,Agender,81.11.196.183,266-331-5193
199,Analiese,O'Crowley,aocrowley5i@macromedia.com,Female,172.219.112.158,870-641-2722
200,Bambie,Ancliff,bancliff5j@etsy.com,Female,2.87.226.2,572-110-7346
201,Dulce,Houdhury,dhoudhury5k@drupal.org,Female,9.179.118.129,960-360-7580
202,Tallia,Martins,tmartins5l@google.ca,Female,9.205.59.42,101-550-6023
203,Algernon,Filgate,afilgate5m@com.com,Male,88.149.92.76,148-163-6612
204,Haily,Bridgestock,hbridgestock5n@tripadvisor.com,Male,245.87.234.208,932-686-7710
205,Town,Lundie,tlundie5o@etsy.com,Male,194.8.245.36,569-384-2790
206,Roth,Kersley,rkersley5p@dmoz.org,Male,199.121.226.136,555-755-7514
207,Moss,Filipychev,mfilipychev5q@discovery.com,Male,218.148.38.242,367-671-1637
208,Cooper,Piggens,cpiggens5r@hud.gov,Male,142.54.27.53,918-194-1963
209,Oswald,Scutcheon,oscutcheon5s@booking.com,Male,118.13.20.202,229-358-7572
210,Lock,Colerick,lcolerick5t@chronoengine.com,Male,64.76.89.249,741-973-5609
211,Lorry,Edgcumbe,ledgcumbe5u@prnewswire.com,Female,125.15.46.250,823-829-6321
212,Rahal,Runciman,rrunciman5v@house.gov,Female,236.247.122.221,739-764-2021
213,Raymund,Vlasenkov,rvlasenkov5w@mac.com,Male,127.252.253.28,280-347-5292
214,Kary,Pagon,kpagon5x@lulu.com,Female,77.170.3.180,770-635-7764
215,Missy,Crome,mcrome5y@bluehost.com,Female,185.120.18.117,652-100-9538
216,Elinore,Paynes,epaynes5z@mlb.com,Female,154.175.7.248,297-470-0539
217,Lionello,Casiero,lcasiero60@discuz.net,Male,101.207.234.165,865-566-9487
218,Benedetta,Biggen,bbiggen61@com.com,Genderfluid,94.154.95.30,829-860-9484
219,Terencio,Alyonov,talyonov62@cnn.com,Non-binary,232.114.239.244,679-211-0478
220,Damian,Yaknov,dyaknov63@plala.or.jp,Male,248.198.206.243,474-756-6187
221,Marjie,Chitter,mchitter64@dmoz.org,Polygender,243.126.46.17,142-928-3832
222,Trent,Crowthe,tcrowthe65@cdc.gov,Male,218.50.168.178,914-560-7363
223,Wait,Stannah,wstannah66@jugem.jp,Male,14.16.5.61,139-641-2377
224,Virge,Deabill,vdeabill67@bbc.co.uk,Male,230.81.50.42,855-468-8679
225,Giselbert,Annetts,gannetts68@so-net.ne.jp,Male,148.47.142.240,399-806-4990
226,Joel,Vallentine,jvallentine69@ucsd.edu,Male,129.31.212.229,460-684-6154
227,Maxi,Herche,mherche6a@adobe.com,Female,147.158.45.24,728-197-8377
228,Desirae,Ryburn,dryburn6b@seattletimes.com,Female,188.218.159.149,731-678-6634
229,Alberta,O'Coskerry,aocoskerry6c@macromedia.com,Female,36.32.43.78,960-578-4392
230,Teddie,Beeston,tbeeston6d@nbcnews.com,Male,202.173.7.234,785-696-1429
231,Rock,Jouaneton,rjouaneton6e@whitehouse.gov,Male,95.159.196.143,969-152-3020
232,Perl,Claypoole,pclaypoole6f@blogspot.com,Female,235.174.211.20,799-173-2491
233,Raleigh,Heimann,rheimann6g@goo.ne.jp,Male,144.111.77.26,622-278-2775
234,Carlen,Wilsher,cwilsher6h@dailymail.co.uk,Female,115.134.111.203,467-263-4894
235,Curtis,Rubury,crubury6i@cmu.edu,Male,243.140.12.255,774-612-2705
236,Laverna,Major,lmajor6j@ask.com,Female,51.48.3.153,554-677-3487
237,Sloane,Defau,sdefau6k@themeforest.net,Male,88.242.176.33,262-222-2495
238,Tilly,Smithson,tsmithson6l@google.com,Non-binary,51.26.110.205,718-195-8925
239,Mina,Drain,mdrain6m@pagesperso-orange.fr,Female,228.253.165.50,505-601-2665
240,Maribeth,Bolsteridge,mbolsteridge6n@sphinn.com,Female,4.159.85.13,873-544-4282
241,Madelon,Woollends,mwoollends6o@ca.gov,Female,81.72.125.211,792-877-6569
242,Jock,Sacco,jsacco6p@google.ca,Male,244.1.209.78,439-727-1810
243,Costanza,Workman,cworkman6q@umich.edu,Female,105.181.136.58,581-913-9607
244,Penn,Ingraham,pingraham6r@desdev.cn,Male,119.253.217.161,681-386-3410
245,Forrest,Dugall,fdugall6s@mozilla.org,Male,232.3.238.62,748-989-5474
246,Vick,Kocher,vkocher6t@noaa.gov,Male,8.248.164.10,711-927-6824
247,Arlee,Wooffinden,awooffinden6u@stanford.edu,Female,64.62.37.211,460-280-4711
248,Sissie,Braham,sbraham6v@tuttocitta.it,Female,170.157.47.169,974-432-8827
249,Tanner,Franzettoini,tfranzettoini6w@adobe.com,Male,5.207.194.134,496-760-9968
250,Alexandros,Ashpole,aashpole6x@simplemachines.org,Male,62.203.71.172,879-670-3183
251,Town,Whiff,twhiff6y@mlb.com,Male,25.195.140.181,381-716-8692
252,Sherrie,Atchly,satchly6z@cdbaby.com,Female,168.16.63.128,268-541-2446
253,Konstanze,Felder,kfelder70@friendfeed.com,Female,10.62.2.164,906-315-1826
254,Adrian,Sitford,asitford71@skyrock.com,Male,227.62.120.116,974-147-6038
255,Vail,Whiteson,vwhiteson72@over-blog.com,Male,237.93.17.186,637-997-8653
256,Raimund,Bengough,rbengough73@linkedin.com,Male,153.183.196.253,626-334-2772
257,Lindsay,Hallatt,lhallatt74@yellowpages.com,Agender,17.69.28.189,830-861-6708
258,Alon,Spinella,aspinella75@dell.com,Male,53.169.39.13,566-552-6901
259,Beckie,Jaquin,bjaquin76@cnet.com,Female,18.222.1.190,100-275-4536
260,Lurlene,Jickles,ljickles77@stanford.edu,Female,18.90.138.119,519-919-7099
261,Adelaide,Jandourek,ajandourek78@sbwire.com,Female,23.214.12.231,676-821-9442
262,Shurwood,Sherry,ssherry79@mlb.com,Male,30.125.221.110,843-487-6470
263,Libbi,Passman,lpassman7a@reuters.com,Female,193.43.222.107,333-822-6430
264,Kasper,Wilks,kwilks7b@mtv.com,Male,199.236.215.185,381-180-1143
265,Gil,Custed,gcusted7c@elpais.com,Male,61.79.98.114,410-468-1265
266,Somerset,Dornin,sdornin7d@canalblog.com,Male,168.9.218.111,275-734-8404
267,Atalanta,Dunridge,adunridge7e@opensource.org,Female,133.173.13.233,568-506-0124
268,Christoper,Winship,cwinship7f@goo.ne.jp,Male,139.27.54.184,894-509-5942
269,Nye,Frost,nfrost7g@elpais.com,Male,136.219.60.184,931-566-0906
270,Erena,Pevsner,epevsner7h@123-reg.co.uk,Polygender,17.65.72.147,287-395-7927
271,Patin,Kightly,pkightly7i@ovh.net,Genderfluid,49.33.194.133,326-271-8159
272,Rozanna,Asplin,rasplin7j@furl.net,Female,142.18.187.118,774-932-6362
273,Tiebout,Durham,tdurham7k@unc.edu,Male,135.16.103.134,453-353-2521
274,Dorothee,Grimes,dgrimes7l@symantec.com,Female,203.255.29.217,276-959-8020
275,Zollie,Strick,zstrick7m@ftc.gov,Male,43.225.30.57,580-328-1620
276,Adeline,Dalgardno,adalgardno7n@businesswire.com,Female,246.85.12.209,849-646-1178
277,Jeanine,Kimblin,jkimblin7o@icq.com,Polygender,83.167.129.192,292-495-8712
278,Hartwell,Bonas,hbonas7p@hao123.com,Male,151.70.133.33,959-652-4076
279,Richardo,Maben,rmaben7q@sciencedirect.com,Male,172.222.8.159,885-236-3237
280,Felix,Trimme,ftrimme7r@mapy.cz,Male,40.89.75.81,556-929-3838
281,Tasia,Strangeway,tstrangeway7s@macromedia.com,Female,92.238.131.120,928-676-7420
282,Agretha,Purchon,apurchon7t@telegraph.co.uk,Female,130.5.42.107,303-306-5338
283,Archer,Babin,ababin7u@gmpg.org,Male,195.185.7.119,922-330-7477
284,Sigismond,Twittey,stwittey7v@eventbrite.com,Male,218.4.94.230,643-384-7020
285,Kandace,Bidewell,kbidewell7w@pinterest.com,Female,97.248.227.8,702-489-8783
286,Dacy,Onion,donion7x@tinyurl.com,Female,250.49.156.49,372-943-2618
287,Eudora,Mulkerrins,emulkerrins7y@gov.uk,Female,123.87.85.30,780-352-2610
288,Wanids,Cassius,wcassius7z@smh.com.au,Female,9.23.137.101,805-127-7017
289,Hammad,McCauley,hmccauley80@aol.com,Male,221.121.116.168,107-575-6444
290,Jehu,Corner,jcorner81@answers.com,Male,193.238.159.213,598-820-9635
291,Sigismund,Maggs,smaggs82@ow.ly,Male,197.145.106.69,165-883-7807
292,Clari,Torrijos,ctorrijos83@google.pl,Female,249.244.141.55,648-396-3591
293,Gannon,Balston,gbalston84@yahoo.co.jp,Male,231.23.52.150,147-387-2607
294,Carlota,Blinman,cblinman85@bigcartel.com,Female,11.104.219.73,889-176-3178
295,Norah,Varsey,nvarsey86@yellowpages.com,Female,52.4.19.235,609-543-4384
296,Zarah,Urien,zurien87@google.pl,Female,178.151.22.116,307-428-5665
297,Fraze,Phippard,fphippard88@omniture.com,Male,148.147.173.216,644-907-7248
298,Maryanne,Ivanyushkin,mivanyushkin89@gov.uk,Female,37.101.95.111,132-305-6540
299,Margette,Gumm,mgumm8a@shutterfly.com,Female,73.86.208.97,362-716-5479
300,Nari,Wehden,nwehden8b@merriam-webster.com,Female,143.237.121.219,270-523-5176
301,Obie,Cordes,ocordes8c@sciencedirect.com,Male,97.27.48.74,535-872-5880
302,Willis,Beadle,wbeadle8d@bloglines.com,Male,194.97.185.188,533-428-9691
303,Giordano,McMillian,gmcmillian8e@webs.com,Male,7.141.30.81,875-819-4857
304,Bel,Odegaard,bodegaard8f@miitbeian.gov.cn,Female,79.32.61.218,985-490-4028
305,Charlena,Dubock,cdubock8g@cbslocal.com,Female,100.243.209.208,874-588-2051
306,Holli,Teasey,hteasey8h@skype.com,Agender,201.7.0.210,250-815-9431
307,Gregory,Medeway,gmedeway8i@gmpg.org,Male,160.139.13.195,769-220-2304
308,Hugibert,Millard,hmillard8j@wix.com,Male,120.222.7.51,582-620-2718
309,Wanids,Wanek,wwanek8k@cargocollective.com,Female,158.168.139.194,794-461-1581
310,Annnora,Paxforde,apaxforde8l@addtoany.com,Female,100.21.71.73,892-229-4476
311,Bryce,Ashbey,bashbey8m@gravatar.com,Male,55.83.71.213,210-766-6831
312,Issie,Bichard,ibichard8n@hp.com,Female,53.7.106.136,272-900-1330
313,Franny,Prinne,fprinne8o@elpais.com,Female,208.40.116.107,349-362-0872
314,Brennan,Bartosinski,bbartosinski8p@usgs.gov,Male,239.28.86.121,832-411-7582
315,Tracey,Saxby,tsaxby8q@pbs.org,Female,165.213.64.98,210-828-1156
316,Fons,Gunbie,fgunbie8r@ask.com,Male,212.206.23.34,853-236-3762
317,Sonni,Nannizzi,snannizzi8s@hp.com,Female,105.83.151.72,267-999-7787
318,Sisely,Risbie,srisbie8t@princeton.edu,Female,247.20.121.243,641-788-5700
319,Garrot,Blowfield,gblowfield8u@marriott.com,Male,147.103.61.78,864-248-2445
320,Alexandrina,Wegman,awegman8v@pbs.org,Female,215.130.33.149,166-340-4774
321,Hollis,Bonnier,hbonnier8w@chronoengine.com,Male,97.212.6.139,767-594-4478
322,Arther,Keyson,akeyson8x@reddit.com,Male,195.29.5.31,700-222-7835
323,Catrina,Sherewood,csherewood8y@unicef.org,Female,9.6.62.129,970-178-9552
324,Nana,Grigolli,ngrigolli8z@skyrock.com,Female,95.202.151.51,290-561-3127
325,Rodolphe,Prestidge,rprestidge90@narod.ru,Male,244.90.132.31,885-958-1115
326,Suzette,Rumbold,srumbold91@statcounter.com,Female,174.174.93.173,987-509-1684
327,Pennie,Devigne,pdevigne92@omniture.com,Female,11.153.209.72,438-460-9628
328,Koral,Decourt,kdecourt93@wunderground.com,Female,194.146.123.246,633-484-4882
329,Mark,Gudahy,mgudahy94@shinystat.com,Male,55.56.79.128,646-982-7370
330,Thatcher,Cosley,tcosley95@soup.io,Male,163.112.39.59,328-811-3179
331,Clerissa,Courtliff,ccourtliff96@digg.com,Female,139.139.89.25,341-498-2339
332,Waldo,Riquet,wriquet97@e-recht24.de,Male,119.152.169.161,665-242-4455
333,Josefa,Riley,jriley98@hp.com,Female,244.251.94.63,859-644-1661
334,Alyssa,Ramel,aramel99@google.es,Female,250.24.120.221,209-135-5033
335,Carr,De Roos,cderoos9a@php.net,Male,100.134.97.58,203-834-6872
336,Ignazio,Mellhuish,imellhuish9b@xrea.com,Male,20.15.39.166,261-106-3790
337,Syman,Malloch,smalloch9c@jigsy.com,Male,15.227.97.184,943-194-1372
338,Richart,Rawet,rrawet9d@go.com,Male,253.96.22.36,185-680-8578
339,Lynelle,Gudd,lgudd9e@1und1.de,Female,97.233.169.212,437-257-7624
340,Jeffrey,Frye,jfrye9f@furl.net,Male,82.15.20.74,911-198-6218
341,Tanny,Koppe,tkoppe9g@zimbio.com,Male,76.101.129.45,876-263-3638
342,Aili,Woodus,awoodus9h@redcross.org,Female,28.129.239.234,112-374-0320
343,Danell,Bernardo,dbernardo9i@nature.com,Female,16.59.26.31,497-737-1068
344,Dagmar,Sicha,dsicha9j@multiply.com,Female,207.167.174.31,238-761-5036
345,Maude,Mewes,mmewes9k@google.nl,Female,117.86.28.223,778-728-7410
346,Alleen,Edgecombe,aedgecombe9l@bbc.co.uk,Polygender,240.108.195.223,276-211-4193
347,Zandra,Theml,ztheml9m@oracle.com,Female,188.169.226.195,536-384-9055
348,Geno,Kiddey,gkiddey9n@yellowbook.com,Male,150.32.132.134,353-186-8004
349,Billy,Chazier,bchazier9o@java.com,Female,169.229.86.142,961-426-9320
350,Leon,Janacek,ljanacek9p@nbcnews.com,Male,218.91.127.165,957-812-6031
351,Hy,Tammadge,htammadge9q@amazon.co.uk,Male,135.227.88.169,277-858-3433
352,Sayre,Drinkall,sdrinkall9r@mozilla.org,Female,176.52.205.0,917-328-4930
353,Inez,Jennick,ijennick9s@tripod.com,Genderfluid,81.69.137.173,409-117-7214
354,Berny,Dransfield,bdransfield9t@cdbaby.com,Genderfluid,173.9.13.118,976-364-2822
355,Janos,Alcorn,jalcorn9u@microsoft.com,Male,182.157.78.147,398-350-8504
356,Hart,Blindermann,hblindermann9v@shop-pro.jp,Male,201.200.228.52,974-948-7941
357,Alphard,Boughey,aboughey9w@t.co,Male,208.125.141.11,284-971-2715
358,Maryanne,Haffenden,mhaffenden9x@acquirethisname.com,Female,191.216.26.167,361-739-6612
359,Werner,O'Kane,wokane9y@vinaora.com,Male,194.37.174.115,108-554-5368
360,Desmund,Athelstan,dathelstan9z@hud.gov,Male,86.66.172.111,816-695-1359
361,Ailis,Connold,aconnolda0@google.com.hk,Female,44.216.182.112,999-714-4855
362,Donal,Straffon,dstraffona1@ehow.com,Male,182.69.9.192,435-595-6761
363,Fred,Selvey,fselveya2@globo.com,Female,39.107.249.221,921-724-5415
364,Eldin,Antoszczyk,eantoszczyka3@google.fr,Male,100.248.252.56,387-339-9220
365,Andrew,Cicculi,acicculia4@dion.ne.jp,Male,34.3.173.183,921-893-6792
366,Tait,Bathersby,tbathersbya5@icq.com,Polygender,250.107.95.155,179-508-7846
367,Augusta,Van den Oord,avandenoorda6@gravatar.com,Female,241.139.178.162,581-387-2790
368,Bess,Belson,bbelsona7@about.me,Female,126.195.147.199,438-663-5077
369,Cristy,Mardle,cmardlea8@tinypic.com,Female,109.181.236.150,484-812-4096
370,Chiquita,Wittleton,cwittletona9@weebly.com,Genderfluid,88.222.123.148,417-952-7372
371,Flory,Prettyman,fprettymanaa@friendfeed.com,Male,4.93.65.147,667-687-3351
372,Chas,Brantl,cbrantlab@fotki.com,Male,54.184.235.55,909-486-8037
373,Aretha,Bartholat,abartholatac@furl.net,Female,60.39.221.232,351-305-8851
374,Patty,Towsie,ptowsiead@nifty.com,Male,223.39.207.65,378-920-6261
375,Marylou,Semkins,msemkinsae@arizona.edu,Female,41.246.71.142,545-973-5724
376,Kaela,Pierro,kpierroaf@php.net,Female,127.185.230.215,394-165-8171
377,Edouard,O'Heneghan,eoheneghanag@shinystat.com,Male,12.249.167.163,951-500-0006
378,Tabatha,Server,tserverah@harvard.edu,Female,10.213.253.100,939-847-0208
379,Bevon,Fantone,bfantoneai@techcrunch.com,Male,236.242.155.86,440-573-3541
380,Trista,Milborn,tmilbornaj@facebook.com,Female,144.43.188.217,930-401-8746
381,Cristin,Curnick,ccurnickak@dell.com,Female,99.110.202.54,192-240-6300
382,Timmy,Pollack,tpollackal@fotki.com,Female,68.70.125.73,570-659-8595
383,Penelopa,Connah,pconnaham@simplemachines.org,Female,194.194.81.89,233-513-7921
384,Maude,Chavez,mchavezan@youku.com,Female,90.66.103.199,969-689-2674
385,Salaidh,Stener,sstenerao@last.fm,Agender,238.150.199.141,290-403-3633
386,Rora,Wainman,rwainmanap@biblegateway.com,Female,59.170.233.107,157-476-9436
387,Gill,Dinsale,gdinsaleaq@typepad.com,Male,1.134.30.186,873-584-1665
388,Daniella,Artindale,dartindalear@twitter.com,Female,215.180.155.159,416-290-7036
389,Beatrisa,Cocker,bcockeras@prlog.org,Genderfluid,206.24.18.200,331-516-3272
390,Corenda,Snell,csnellat@chronoengine.com,Female,85.66.249.4,402-915-7785
391,Paola,Holliar,pholliarau@uiuc.edu,Female,209.165.192.70,108-503-9410
392,Gifford,Ginnally,gginnallyav@icq.com,Male,114.121.155.170,185-790-2147
393,Ashia,Marcq,amarcqaw@wikimedia.org,Female,14.173.102.214,167-368-2829
394,Cointon,Beaby,cbeabyax@4shared.com,Male,100.216.72.78,313-473-3314
395,Susie,Kinkead,skinkeaday@cam.ac.uk,Polygender,9.172.176.44,225-169-6444
396,Tye,Karpe,tkarpeaz@flavors.me,Male,228.170.196.9,762-588-9049
397,Franciskus,Stille,fstilleb0@mtv.com,Male,249.128.189.71,744-944-5721
398,Aymer,Litel,alitelb1@fotki.com,Male,221.50.206.229,461-288-5410
399,Rowen,Izakovitz,rizakovitzb2@ifeng.com,Male,34.70.167.126,141-171-7489
400,Celle,Cicconetti,ccicconettib3@indiegogo.com,Female,177.47.193.243,862-794-1091
401,Christopher,Clavering,cclaveringb4@clickbank.net,Male,113.194.20.82,900-882-2727
402,Dian,Pilger,dpilgerb5@google.com,Female,53.55.50.50,837-858-2494
403,Gibb,Cuchey,gcucheyb6@wikispaces.com,Male,72.2.119.200,732-687-6431
404,Trudy,Drewell,tdrewellb7@nih.gov,Female,128.39.93.20,395-884-6927
405,Ivar,Poag,ipoagb8@patch.com,Male,154.217.80.174,953-794-3385
406,Had,Oehm,hoehmb9@hibu.com,Male,205.51.249.154,583-553-9879
407,Nelson,De Caroli,ndecaroliba@google.ca,Male,51.213.102.231,205-248-1649
408,Morgan,Matveyev,mmatveyevbb@techcrunch.com,Male,129.198.14.3,185-640-2635
409,Elinore,Asbery,easberybc@cafepress.com,Female,127.214.97.130,117-823-6522
410,Ardenia,Dagnan,adagnanbd@storify.com,Female,77.68.25.121,260-779-0028
411,Patrice,Featherston,pfeatherstonbe@ow.ly,Male,72.165.60.31,638-348-3454
412,Jaclyn,Falkous,jfalkousbf@youku.com,Female,156.242.223.131,471-557-7799
413,Reggis,Dunkley,rdunkleybg@privacy.gov.au,Male,93.243.190.56,421-884-2154
414,Hamlen,Cullinane,hcullinanebh@qq.com,Male,194.130.226.92,996-339-6477
415,Hyatt,Brereton,hbreretonbi@dagondesign.com,Male,52.65.7.183,350-171-1902
416,Dorris,Martini,dmartinibj@ovh.net,Female,22.82.35.145,488-681-1200
417,Dew,Ordidge,dordidgebk@networksolutions.com,Male,148.41.189.131,938-844-0142
418,Gertrud,Wickling,gwicklingbl@wordpress.com,Female,193.8.170.184,909-836-1432
419,Buckie,Mussolini,bmussolinibm@flavors.me,Male,28.91.78.95,330-726-8595
420,Blondy,Mattisson,bmattissonbn@dell.com,Female,107.209.144.183,279-860-3596
421,Madella,Farre,mfarrebo@google.pl,Female,68.232.40.45,483-786-1080
422,Jenine,Clausson,jclaussonbp@go.com,Female,7.252.87.112,301-649-4454
423,Nan,Yerson,nyersonbq@tinypic.com,Female,214.244.62.54,771-403-4354
424,Aron,Le Monnier,alemonnierbr@qq.com,Male,192.213.178.36,115-536-1029
425,Patti,Agiolfinger,pagiolfingerbs@twitter.com,Female,197.125.161.230,944-652-2681
426,Bambi,Orro,borrobt@irs.gov,Female,189.60.53.115,916-205-6085
427,Eryn,Lambourn,elambournbu@utexas.edu,Female,45.242.209.255,348-214-1536
428,Hogan,Brusby,hbrusbybv@taobao.com,Male,210.75.98.77,840-499-0016
429,Ilse,Tebbs,itebbsbw@sciencedirect.com,Genderqueer,9.194.62.107,182-878-1082
430,Griswold,Winpenny,gwinpennybx@go.com,Male,207.155.35.128,750-296-6705
431,Jannelle,Lathwood,jlathwoodby@msu.edu,Female,174.22.234.74,588-170-3532
432,Karlens,Barck,kbarckbz@cdc.gov,Male,51.177.209.26,739-861-1324
433,Annecorinne,Oughton,aoughtonc0@ebay.com,Female,15.204.249.95,387-376-8640
434,Alano,Grabiec,agrabiecc1@jalbum.net,Male,111.235.108.45,530-627-7723
435,Shaylyn,Tassaker,stassakerc2@instagram.com,Female,207.74.63.244,642-324-9494
436,Ulrike,Grahlman,ugrahlmanc3@tiny.cc,Female,197.227.17.112,270-705-9684
437,Clint,Colliard,ccolliardc4@nbcnews.com,Male,65.192.157.242,537-547-3026
438,Milli,Scorah,mscorahc5@tripod.com,Female,26.200.230.184,446-402-2723
439,Leonidas,Rolph,lrolphc6@zimbio.com,Male,213.234.16.210,803-123-2819
440,Randal,Blakes,rblakesc7@psu.edu,Male,64.157.35.115,139-461-0289
441,Mikaela,Murray,mmurrayc8@nsw.gov.au,Female,251.64.233.85,960-211-6197
442,Rosa,Hindenberger,rhindenbergerc9@1und1.de,Female,159.23.6.58,401-568-3023
443,Adrian,Mawson,amawsonca@webeden.co.uk,Female,120.36.51.202,314-518-0593
444,Karylin,Lince,klincecb@shutterfly.com,Female,83.111.182.60,304-802-5617
445,Horst,Aspinall,haspinallcc@princeton.edu,Agender,220.117.220.109,230-858-1041
446,Gilburt,Shergill,gshergillcd@posterous.com,Male,65.63.126.133,533-390-2339
447,Adoree,Earle,aearlece@so-net.ne.jp,Female,223.144.188.254,637-302-7411
448,Kayla,Bridgewater,kbridgewatercf@mashable.com,Female,29.83.65.157,254-765-5777
449,Xenos,Billanie,xbillaniecg@moonfruit.com,Male,240.12.24.220,146-426-5049
450,Dukie,Gudeman,dgudemanch@rakuten.co.jp,Male,40.74.60.106,765-619-1062
451,Maggie,Askaw,maskawci@trellian.com,Female,172.245.51.199,526-170-1224
452,Noland,Alday,naldaycj@surveymonkey.com,Male,97.9.170.12,361-875-3656
453,Towny,O'Shaughnessy,toshaughnessyck@zimbio.com,Male,132.114.216.127,584-683-8809
454,Jerad,Fitzroy,jfitzroycl@gnu.org,Male,109.34.205.118,208-116-2596
455,Nicki,Jouhning,njouhningcm@sourceforge.net,Female,87.107.115.176,641-225-4471
456,Dermot,Carnegy,dcarnegycn@si.edu,Male,242.250.20.240,178-557-5022
457,Pedro,Rzehor,przehorco@examiner.com,Male,169.179.120.136,194-847-4817
458,Taite,Oswal,toswalcp@homestead.com,Male,57.237.215.128,901-864-7346
459,Cicily,Aldridge,caldridgecq@squarespace.com,Female,73.158.222.38,482-775-5939
460,Tyne,Caldera,tcalderacr@comcast.net,Bigender,97.65.160.184,791-690-1169
461,Leesa,Gallaher,lgallahercs@zdnet.com,Female,80.70.169.107,292-429-4417
462,Xenia,Stapylton,xstapyltonct@howstuffworks.com,Female,0.38.218.27,465-667-2171
463,Brant,Denziloe,bdenziloecu@tripadvisor.com,Male,211.136.249.11,357-932-5384
464,Ruddie,Foottit,rfoottitcv@simplemachines.org,Male,188.54.245.136,433-855-0348
465,Nichole,Dring,ndringcw@diigo.com,Female,195.138.68.9,453-756-9810
466,Adriane,Handrik,ahandrikcx@shareasale.com,Female,77.117.131.146,590-853-5429
467,Herve,Pahler,hpahlercy@marketwatch.com,Male,30.39.19.150,306-784-7888
468,Jocko,Surgey,jsurgeycz@naver.com,Male,163.70.9.237,948-984-6312
469,Belinda,Robken,brobkend0@washington.edu,Female,195.214.151.155,277-651-0397
470,Giffy,Loveland,glovelandd1@nymag.com,Male,191.53.116.12,419-199-3701
471,Krisha,Sirl,ksirld2@altervista.org,Male,139.187.154.62,476-535-1910
472,Arny,Paulus,apaulusd3@accuweather.com,Male,176.254.202.80,581-186-8987
473,Deeanne,Hackinge,dhackinged4@chronoengine.com,Female,47.57.53.12,786-971-0467
474,Erda,Hakeworth,ehakeworthd5@wordpress.com,Female,133.125.16.117,544-368-2008
475,Katrinka,Galego,kgalegod6@nih.gov,Female,68.43.57.138,368-594-7459
476,Rickey,Ponton,rpontond7@tripod.com,Male,200.189.147.239,992-789-4959
477,Ginger,Portt,gporttd8@sun.com,Female,50.176.234.89,287-415-4693
478,Giacomo,McKeveney,gmckeveneyd9@tuttocitta.it,Male,124.189.205.29,495-108-4274
479,Weber,Gorman,wgormanda@ebay.co.uk,Male,9.221.185.52,447-483-8451
480,Blondy,Corey,bcoreydb@yolasite.com,Female,207.110.247.191,302-793-8506
481,Maison,Wallwood,mwallwooddc@ezinearticles.com,Agender,214.1.33.124,593-419-0603
482,Forster,Huncote,fhuncotedd@google.de,Male,186.177.60.232,511-390-0211
483,Vidovic,Friedman,vfriedmande@virginia.edu,Male,12.164.223.211,944-493-6860
484,Wrennie,Murtell,wmurtelldf@canalblog.com,Female,35.3.164.170,963-784-5781
485,Hans,Kleingrub,hkleingrubdg@blogger.com,Male,67.226.254.238,811-606-2564
486,Tierney,Crayk,tcraykdh@feedburner.com,Female,24.90.2.183,459-733-9721
487,Ike,Neve,inevedi@unblog.fr,Male,115.134.43.95,556-843-9817
488,Adair,FitzGibbon,afitzgibbondj@goodreads.com,Male,3.155.184.134,353-750-8721
489,Judas,Ginman,jginmandk@yelp.com,Male,37.244.36.190,473-685-0284
490,Steward,Angrave,sangravedl@sciencedirect.com,Male,4.113.202.127,762-823-0555
491,Babette,Holttom,bholttomdm@networkadvertising.org,Female,94.117.251.231,585-335-7435
492,Brent,Karpov,bkarpovdn@chron.com,Male,168.122.21.16,229-244-8755
493,Dare,Deroche,dderochedo@loc.gov,Male,75.59.85.160,643-264-8547
494,Cristie,Han,chandp@huffingtonpost.com,Female,124.24.80.211,691-288-1595
495,Ash,Spada,aspadadq@columbia.edu,Male,103.103.103.14,763-816-8348
496,Elmira,Shepcutt,eshepcuttdr@alexa.com,Female,45.180.23.141,631-586-6216
497,Bogart,Bog,bbogds@multiply.com,Male,186.138.213.79,773-369-0082
498,Kearney,Easson,keassondt@behance.net,Male,216.27.252.12,838-990-9318
499,Maximilien,Noton,mnotondu@timesonline.co.uk,Male,62.118.17.96,425-779-6856
500,Marwin,Scottini,mscottinidv@statcounter.com,Male,35.72.171.108,348-394-1660
501,Ayn,O'Hanley,aohanleydw@umich.edu,Female,125.30.165.204,833-483-5237
502,Boyd,Highwood,bhighwooddx@hc360.com,Male,187.68.155.41,919-118-6941
503,Cosmo,Royle,croyledy@vinaora.com,Male,223.23.221.255,621-563-7499
504,Abeu,Gwillyam,agwillyamdz@addtoany.com,Agender,119.121.27.250,807-137-1161
505,Miran,Jirsa,mjirsae0@t.co,Genderqueer,151.6.105.184,645-537-3913
506,Ulrich,Chipping,uchippinge1@tuttocitta.it,Male,69.178.86.152,733-895-1732
507,Kerry,Enderson,kendersone2@networksolutions.com,Male,201.231.188.200,480-241-9973
508,Torin,Hiley,thileye3@usatoday.com,Male,192.7.192.135,607-939-9200
509,Boycey,Greenset,bgreensete4@desdev.cn,Male,218.254.71.109,728-482-4221
510,Selestina,Buckney,sbuckneye5@tmall.com,Female,215.28.84.181,156-211-1363
511,Cheri,Millthorpe,cmillthorpee6@walmart.com,Female,2.26.164.33,912-868-5420
512,Blinnie,Warbeys,bwarbeyse7@myspace.com,Female,106.154.80.105,471-107-4307
513,Monte,Rooze,mroozee8@theatlantic.com,Male,170.15.142.40,375-612-5176
514,Pauly,McCart,pmccarte9@bluehost.com,Male,208.59.55.60,381-338-6253
515,Sam,Trounce,strounceea@xinhuanet.com,Male,225.129.24.145,579-292-8022
516,Sidonia,Kapelhoff,skapelhoffeb@wikispaces.com,Female,126.115.117.145,148-835-1559
517,Deva,Grugerr,dgrugerrec@tamu.edu,Female,103.33.204.193,606-484-6187
518,Belinda,Petters,bpettersed@gov.uk,Bigender,41.172.102.57,343-827-7253
519,Taffy,Steljes,tsteljesee@arizona.edu,Polygender,151.237.113.165,345-516-7920
520,Edouard,Robshaw,erobshawef@unc.edu,Male,239.242.191.128,667-194-1716
521,Barbi,Cookman,bcookmaneg@springer.com,Female,131.219.232.28,920-259-8750
522,Ambur,Ebbetts,aebbettseh@nbcnews.com,Female,57.214.253.57,387-236-6540
523,Bethany,Houldey,bhouldeyei@163.com,Female,191.162.99.229,961-467-5730
524,Paulie,Ciccotto,pciccottoej@bing.com,Male,70.21.143.174,307-603-6878
525,Bartel,Fuster,bfusterek@blogger.com,Male,84.146.239.131,758-727-0157
526,Brant,Blest,bblestel@diigo.com,Male,183.106.149.201,574-678-8403
527,Randall,Rainey,rraineyem@fc2.com,Male,234.252.124.83,216-947-9199
528,Kaylyn,Kinnar,kkinnaren@dmoz.org,Polygender,37.215.2.96,479-827-7748
529,Phoebe,Spurnier,pspurniereo@instagram.com,Female,149.109.132.37,264-102-6380
530,Bridie,Kaysor,bkaysorep@google.co.jp,Female,163.61.192.180,350-141-6569
531,Wanids,Andrusyak,wandrusyakeq@usnews.com,Female,100.40.133.20,856-103-9222
532,Carmen,Fowles,cfowleser@virginia.edu,Genderfluid,20.201.118.37,629-911-0218
533,Jolie,Fisher,jfisheres@ed.gov,Female,194.168.33.35,818-798-0865
534,Gael,Diggell,gdiggellet@cyberchimps.com,Male,177.206.24.234,229-717-2151
535,Chryste,Stenner,cstennereu@harvard.edu,Bigender,207.206.121.25,507-791-6955
536,Asher,Wimms,awimmsev@goodreads.com,Male,249.244.140.241,591-636-0600
537,Aland,Casale,acasaleew@admin.ch,Male,208.142.93.14,331-417-9035
538,Allie,Ovitz,aovitzex@hc360.com,Female,253.132.21.50,785-297-5717
539,Lenard,Stuttman,lstuttmaney@psu.edu,Male,181.121.180.203,103-500-2591
540,Dorris,Preuvost,dpreuvostez@networksolutions.com,Female,82.173.96.239,121-674-2285
541,Giorgi,Sleith,gsleithf0@nbcnews.com,Male,136.133.150.230,418-474-6304
542,Averill,Wynrehame,awynrehamef1@slashdot.org,Male,207.150.33.229,670-304-0118
543,Therine,Mattiuzzi,tmattiuzzif2@redcross.org,Polygender,189.136.64.50,422-229-9242
544,Caresa,Alenov,calenovf3@gmpg.org,Female,144.237.141.7,335-506-7916
545,Lane,Ackerman,lackermanf4@vistaprint.com,Male,121.54.224.1,617-169-0270
546,Andreas,Lalor,alalorf5@feedburner.com,Male,255.36.249.50,667-121-6447
547,Darnall,Dorgan,ddorganf6@psu.edu,Male,205.132.108.123,407-419-1582
548,Frankie,Sydall,fsydallf7@webnode.com,Female,79.234.81.50,980-267-3703
549,Eileen,Maloney,emaloneyf8@acquirethisname.com,Female,195.224.70.188,521-294-1927
550,Virgie,Mattiato,vmattiatof9@joomla.org,Female,166.250.35.122,498-716-7348
551,Cesaro,Shewan,cshewanfa@webnode.com,Male,76.136.86.98,571-608-8326
552,Darla,Matevushev,dmatevushevfb@hatena.ne.jp,Female,37.29.85.173,338-580-5230
553,Haleigh,Boyan,hboyanfc@taobao.com,Agender,198.237.102.7,170-487-2722
554,Gerrilee,Copcote,gcopcotefd@forbes.com,Female,174.70.105.241,960-713-4116
555,Hadrian,Gaucher,hgaucherfe@cbslocal.com,Male,4.200.19.86,683-891-1106
556,Louie,Hamor,lhamorff@tuttocitta.it,Male,110.123.196.165,370-401-2378
557,Loretta,Aliberti,lalibertifg@mashable.com,Female,247.101.216.235,951-675-5100
558,Kenyon,Welch,kwelchfh@taobao.com,Male,211.33.85.161,773-229-2340
559,Jacki,Burton,jburtonfi@dagondesign.com,Female,117.62.162.189,501-229-0968
560,Haroun,Della,hdellafj@tmall.com,Male,161.215.133.134,883-627-4570
561,Salvidor,Ruston,srustonfk@nba.com,Non-binary,164.16.33.232,117-384-1398
562,Gerry,Haeslier,ghaeslierfl@lycos.com,Male,23.77.4.72,348-447-6959
563,Gardy,Lashford,glashfordfm@exblog.jp,Male,51.22.131.150,377-157-8425
564,Alanah,Smiz,asmizfn@squidoo.com,Genderqueer,76.198.2.162,230-509-2538
565,Claiborne,Whenman,cwhenmanfo@example.com,Male,121.99.74.62,432-940-6251
566,Shelden,Boot,sbootfp@google.es,Male,68.21.54.123,190-121-8180
567,Eva,Toleman,etolemanfq@clickbank.net,Female,69.222.81.145,296-592-5418
568,Braden,Mallett,bmallettfr@nydailynews.com,Male,136.144.52.121,346-126-8654
569,Gradey,Tingcomb,gtingcombfs@creativecommons.org,Male,24.186.245.16,978-778-9922
570,Kristen,Matevushev,kmatevushevft@seattletimes.com,Female,225.126.117.120,974-463-8742
571,Kris,Carding,kcardingfu@stanford.edu,Male,67.89.109.253,954-575-7108
572,Bonnibelle,Zorro,bzorrofv@delicious.com,Female,205.58.210.82,445-119-5189
573,Amandie,Sellars,asellarsfw@example.com,Genderfluid,156.220.216.240,403-656-1567
574,Denny,Dossetter,ddossetterfx@netlog.com,Male,94.103.0.74,774-515-6915
575,Anjanette,Gridley,agridleyfy@mac.com,Female,150.123.111.187,502-313-0029
576,Lidia,Biddiss,lbiddissfz@about.com,Female,109.9.193.28,679-544-3815
577,Germaine,Phifer,gphiferg0@europa.eu,Female,108.12.255.158,549-772-2810
578,Jay,Cleatherow,jcleatherowg1@wordpress.org,Male,82.90.35.151,931-430-0344
579,Major,Wellstead,mwellsteadg2@rediff.com,Male,26.6.36.8,560-944-7818
580,Jackson,Domenget,jdomengetg3@cnn.com,Male,233.96.18.34,284-200-9875
581,Fran,Mc Gorley,fmcgorleyg4@behance.net,Male,200.57.0.227,826-350-3486
582,Hansiain,MacDonagh,hmacdonaghg5@dailymotion.com,Male,207.159.52.154,954-545-3878
583,Ros,Tanner,rtannerg6@mozilla.org,Female,90.40.189.54,908-695-0307
584,Arthur,Skain,askaing7@google.fr,Male,29.130.181.125,485-689-9649
585,Jeremie,Tugman,jtugmang8@comsenz.com,Male,145.197.51.160,731-384-6264
586,Maximo,Stuttard,mstuttardg9@icq.com,Male,238.249.251.68,930-615-7038
587,Hussein,Simants,hsimantsga@hostgator.com,Male,160.227.92.147,866-305-9620
588,Maribeth,Harsant,mharsantgb@skype.com,Genderqueer,254.21.14.214,477-171-1695
589,Annissa,Heald,ahealdgc@reddit.com,Agender,157.52.34.57,725-592-3616
590,Ingram,Canet,icanetgd@list-manage.com,Male,44.189.254.95,904-635-7895
591,Ivett,Biset,ibisetge@huffingtonpost.com,Female,53.1.193.195,556-727-3441
592,Chrissie,Kennerknecht,ckennerknechtgf@narod.ru,Male,16.25.105.174,346-769-6458
593,Dinah,Wye,dwyegg@dailymotion.com,Female,229.180.220.252,267-127-6263
594,Claybourne,Schuchmacher,cschuchmachergh@opera.com,Male,253.42.32.63,854-695-8848
595,Rip,Mc Corley,rmccorleygi@illinois.edu,Male,124.223.215.98,858-204-9010
596,Gery,Aiskrigg,gaiskrigggj@topsy.com,Male,15.211.196.222,870-399-0274
597,Kit,Leftley,kleftleygk@zimbio.com,Male,18.232.13.177,334-969-5802
598,Cyril,Kedge,ckedgegl@ycombinator.com,Male,188.208.246.121,708-729-8619
599,Hilton,Jurgenson,hjurgensongm@weather.com,Male,93.44.206.71,390-957-7024
600,Malena,Sked,mskedgn@geocities.com,Female,12.69.159.161,636-784-5282
601,Sauncho,Gobell,sgobellgo@salon.com,Male,2.52.73.245,174-928-4878
602,Hayes,Taylerson,htaylersongp@army.mil,Genderqueer,206.105.119.30,200-146-1594
603,Jordan,Cowerd,jcowerdgq@uol.com.br,Male,182.77.99.106,218-531-2148
604,Tildi,Drakers,tdrakersgr@oakley.com,Female,41.167.93.53,159-216-0809
605,Hamid,Phinnis,hphinnisgs@vimeo.com,Male,111.114.244.230,727-381-3406
606,Isadora,Athelstan,iathelstangt@dailymail.co.uk,Female,10.95.20.23,454-381-4936
607,Giustino,Bayston,gbaystongu@opensource.org,Male,161.51.187.237,260-729-0951
608,Riannon,Wahncke,rwahnckegv@paypal.com,Genderfluid,195.101.194.163,326-621-7339
609,Emerson,Bodocs,ebodocsgw@google.fr,Male,6.84.182.208,517-712-0614
610,Michail,Ousbie,mousbiegx@bloomberg.com,Male,185.58.223.187,915-173-4198
611,Garik,Coppenhall,gcoppenhallgy@springer.com,Agender,7.11.200.26,906-154-1220
612,Irving,Masic,imasicgz@spotify.com,Agender,61.198.3.80,690-421-6939
613,Bethina,Masham,bmashamh0@narod.ru,Female,226.34.199.59,193-311-3389
614,Nels,Kryszka,nkryszkah1@mapquest.com,Male,240.192.111.186,392-270-2672
615,Farley,Ramsbotham,framsbothamh2@biblegateway.com,Male,251.203.138.50,419-428-4243
616,Emmalyn,Look,elookh3@shinystat.com,Female,116.184.139.130,391-456-5195
617,Addy,Sirr,asirrh4@skype.com,Female,138.229.96.210,164-191-8924
618,Warden,Mc Cahey,wmccaheyh5@addthis.com,Male,28.238.141.119,944-839-3619
619,Minne,Wetter,mwetterh6@cnet.com,Female,153.157.2.10,362-136-1254
620,Casper,Riccardi,criccardih7@virginia.edu,Male,177.216.121.247,811-285-2694
621,Abel,Caddie,acaddieh8@about.me,Male,253.116.234.229,514-391-1347
622,Ginger,Sellen,gsellenh9@livejournal.com,Male,77.114.249.131,499-935-8658
623,Nessie,Amorine,namorineha@toplist.cz,Female,25.60.2.10,740-635-0995
624,Heidie,Clinch,hclinchhb@google.fr,Female,97.250.12.133,601-278-1220
625,Ware,Eckersley,weckersleyhc@whitehouse.gov,Genderqueer,67.12.71.115,513-333-4208
626,Maryann,Pittendreigh,mpittendreighhd@ehow.com,Female,142.106.48.93,461-881-1950
627,Sebastian,Sidsaff,ssidsaffhe@technorati.com,Male,158.64.24.78,747-880-1854
628,Corenda,Fantin,cfantinhf@state.tx.us,Female,76.241.235.225,419-877-6316
629,Trix,Kirimaa,tkirimaahg@reverbnation.com,Female,202.237.48.111,122-603-5919
630,Sandye,Collihole,scolliholehh@economist.com,Female,73.185.117.185,598-370-2715
631,Adler,Castro,acastrohi@biglobe.ne.jp,Male,72.26.129.113,356-306-3461
632,Adara,Vautrey,avautreyhj@wix.com,Female,215.161.23.208,850-721-4198
633,Chris,Blasik,cblasikhk@columbia.edu,Male,226.159.11.12,816-681-4544
634,Francene,Paramore,fparamorehl@bigcartel.com,Female,74.170.111.103,373-168-4864
635,Archaimbaud,Bauduccio,abauducciohm@nsw.gov.au,Male,44.226.69.16,182-673-0425
636,Zenia,Brennen,zbrennenhn@hc360.com,Female,229.209.159.113,779-137-8596
637,Dasya,Monini,dmoniniho@wunderground.com,Genderfluid,41.198.220.218,898-230-6943
638,Artus,Sword,aswordhp@mashable.com,Male,98.233.205.250,770-251-2590
639,Hayyim,Philippault,hphilippaulthq@whitehouse.gov,Male,124.132.155.40,763-498-6377
640,Ethan,Dionisetto,edionisettohr@angelfire.com,Male,142.250.7.115,939-819-5773
641,Jacquette,Murfin,jmurfinhs@hatena.ne.jp,Female,26.167.196.232,128-491-6313
642,Pinchas,Fishpond,pfishpondht@skype.com,Male,147.39.184.177,363-947-4217
643,Winne,Lydford,wlydfordhu@nhs.uk,Female,42.170.9.53,745-850-9653
644,Drud,Dinsale,ddinsalehv@epa.gov,Male,64.21.126.166,604-718-1021
645,Marlo,Missenden,mmissendenhw@un.org,Male,98.125.244.34,319-193-5519
646,Helenka,Hadfield,hhadfieldhx@telegraph.co.uk,Female,219.253.246.137,677-806-7994
647,Georgeanne,Voce,gvocehy@nsw.gov.au,Female,111.26.175.124,800-500-2210
648,Carlyle,Orred,corredhz@webeden.co.uk,Male,96.236.119.98,199-319-9411
649,Koo,Kidsley,kkidsleyi0@squidoo.com,Female,99.175.188.68,672-669-6611
650,Devy,Beardsall,dbeardsalli1@toplist.cz,Male,81.206.135.179,317-926-5953
651,Modestia,Lythgoe,mlythgoei2@who.int,Female,52.66.69.254,487-846-4069
652,Nicol,De Bruyn,ndebruyni3@blog.com,Non-binary,196.71.248.15,143-731-8092
653,Abelard,Leythley,aleythleyi4@redcross.org,Bigender,234.173.208.238,193-620-4825
654,Twyla,Noah,tnoahi5@scribd.com,Female,21.94.127.118,407-128-1335
655,Fernando,Bainton,fbaintoni6@cornell.edu,Male,78.42.94.19,148-629-6214
656,Mollee,McKeand,mmckeandi7@ed.gov,Female,127.164.82.0,816-848-4968
657,Abrahan,McElane,amcelanei8@indiatimes.com,Male,34.229.234.25,516-694-7980
658,Antonina,Ariss,aarissi9@plala.or.jp,Female,28.103.114.193,885-419-8119
659,Cross,Duiguid,cduiguidia@gov.uk,Male,131.22.70.216,686-152-8197
660,Dee,Kehir,dkehirib@freewebs.com,Female,222.240.199.249,729-948-6381
661,Kial,Lovering,kloveringic@ycombinator.com,Female,174.175.97.236,636-135-6976
662,Arthur,Rudolfer,arudolferid@spotify.com,Male,250.143.246.242,386-435-4980
663,Mathilda,Turbitt,mturbittie@dailymotion.com,Female,94.111.219.159,161-712-2081
664,Maria,Gallegos,mgallegosif@baidu.com,Female,170.244.120.193,299-259-8172
665,Vanya,Frie,vfrieig@slideshare.net,Polygender,125.221.101.204,389-882-1956
666,Godart,Neave,gneaveih@sun.com,Male,242.221.132.145,355-239-9022
667,Daryn,Wasiela,dwasielaii@sohu.com,Female,89.115.206.55,790-251-4851
668,Zitella,Sabine,zsabineij@nbcnews.com,Female,169.142.192.185,982-949-6337
669,Myrwyn,Messenger,mmessengerik@goodreads.com,Male,160.215.128.3,827-826-7411
670,Valma,Dalston,vdalstonil@walmart.com,Female,207.45.71.6,696-288-4737
671,Duke,Hempshall,dhempshallim@ocn.ne.jp,Male,142.216.84.50,194-981-5991
672,Bridgette,Adamovitch,badamovitchin@biblegateway.com,Female,135.201.158.173,500-717-9705
673,Erminia,Donizeau,edonizeauio@exblog.jp,Female,197.253.240.152,812-523-9494
674,Cynthea,Borwick,cborwickip@paginegialle.it,Female,217.184.227.229,923-733-0544
675,Jenine,Threlfall,jthrelfalliq@posterous.com,Female,145.117.203.73,215-198-1803
676,Loise,Hrachovec,lhrachovecir@scientificamerican.com,Female,116.36.144.254,386-482-7184
677,Dulcy,Sloan,dsloanis@t.co,Female,41.192.48.38,665-425-0306
678,Elroy,Dmisek,edmisekit@hatena.ne.jp,Male,211.171.56.199,298-845-5011
679,Cristin,Divisek,cdivisekiu@tuttocitta.it,Female,39.218.234.182,531-670-0500
680,Martainn,Melville,mmelvilleiv@time.com,Male,204.11.118.151,408-588-6772
681,Paquito,Pibworth,ppibworthiw@example.com,Male,163.144.144.121,412-911-9075
682,Isabelle,Morsley,imorsleyix@exblog.jp,Female,22.159.112.177,879-256-1706
683,Jacenta,Sidgwick,jsidgwickiy@php.net,Female,212.134.210.138,165-784-5164
684,Malvin,Forten,mforteniz@prnewswire.com,Male,173.134.100.223,277-650-7728
685,Garrick,Petraitis,gpetraitisj0@soup.io,Genderfluid,3.177.209.157,446-228-9122
686,Corina,Carlos,ccarlosj1@fotki.com,Female,176.60.244.23,402-104-2861
687,Dur,Pigne,dpignej2@deviantart.com,Male,29.79.26.64,850-989-2864
688,Shelton,Dottridge,sdottridgej3@ebay.com,Male,196.60.239.213,551-640-4038
689,Belle,Chern,bchernj4@nhs.uk,Female,27.21.84.3,842-558-4047
690,Ode,Woolforde,owoolfordej5@xinhuanet.com,Male,149.60.169.157,371-752-1822
691,Alair,McCurlye,amccurlyej6@ycombinator.com,Male,13.221.2.230,115-519-2710
692,Stace,Jurek,sjurekj7@gravatar.com,Female,241.185.58.118,971-930-0146
693,Susy,Grunnell,sgrunnellj8@prnewswire.com,Female,38.37.78.90,268-121-0941
694,Adan,McCluney,amccluneyj9@cloudflare.com,Female,252.13.209.203,137-523-1794
695,Cullie,Iacovielli,ciacoviellija@123-reg.co.uk,Male,3.119.158.90,623-978-4389
696,Jourdain,Colston,jcolstonjb@seesaa.net,Genderfluid,137.82.92.176,417-516-7142
697,Ronny,Melross,rmelrossjc@feedburner.com,Male,41.122.18.161,930-934-3905
698,Livia,Roobottom,lroobottomjd@github.com,Bigender,36.207.226.189,987-390-9159
699,Bethena,Redman,bredmanje@domainmarket.com,Female,243.51.195.50,430-307-2626
700,Ofilia,Craddock,ocraddockjf@theatlantic.com,Female,161.95.73.209,934-191-0383
701,Mitzi,Doughill,mdoughilljg@prnewswire.com,Female,52.104.148.102,422-398-5785
702,Celisse,des Remedios,cdesremediosjh@blogtalkradio.com,Female,80.249.187.179,467-783-9946
703,Lily,Toulamain,ltoulamainji@howstuffworks.com,Female,177.174.225.169,173-391-0907
704,Ruby,Forder,rforderjj@nationalgeographic.com,Female,242.140.8.182,301-106-5801
705,Jordon,Audibert,jaudibertjk@washingtonpost.com,Male,99.36.228.4,975-578-6938
706,Jany,Lorrimer,jlorrimerjl@phpbb.com,Female,221.10.161.245,565-187-0250
707,Natty,Brydell,nbrydelljm@deviantart.com,Male,218.46.196.69,137-565-9764
708,Melamie,Golden,mgoldenjn@canalblog.com,Female,70.126.34.9,674-329-2400
709,Thatcher,Juanico,tjuanicojo@pcworld.com,Male,108.111.146.201,195-217-8820
710,Silvia,Norvill,snorvilljp@walmart.com,Female,134.148.47.142,794-921-4267
711,Tate,Bidder,tbidderjq@chron.com,Male,200.133.47.191,139-470-3276
712,Tobi,Pember,tpemberjr@cbc.ca,Agender,88.41.63.118,938-363-6224
713,Shawn,Hubach,shubachjs@senate.gov,Male,169.53.138.0,878-868-0903
714,Laughton,Benedick,lbenedickjt@theglobeandmail.com,Male,181.179.211.150,442-929-6715
715,Rod,Philipeau,rphilipeauju@biblegateway.com,Non-binary,149.115.242.180,882-584-6766
716,Philippe,Bythell,pbythelljv@redcross.org,Female,159.241.180.5,592-397-2986
717,Midge,Cockram,mcockramjw@vkontakte.ru,Female,8.92.234.126,227-159-1685
718,Fannie,Gawne,fgawnejx@home.pl,Female,205.136.28.185,901-343-2264
719,Ceil,Severn,csevernjy@google.nl,Female,177.243.183.63,561-203-4158
720,Felita,Mullenger,fmullengerjz@indiegogo.com,Agender,66.69.144.169,380-254-7996
721,Mitchael,Kingsland,mkingslandk0@huffingtonpost.com,Male,4.232.139.101,193-579-8554
722,Ottilie,Hennemann,ohennemannk1@narod.ru,Agender,113.66.127.19,450-552-6943
723,Zora,Gogarty,zgogartyk2@cdbaby.com,Female,99.19.152.162,439-208-0861
724,Aubine,Johantges,ajohantgesk3@mozilla.com,Female,9.246.210.33,132-248-5870
725,Deanne,Ossipenko,dossipenkok4@netlog.com,Female,221.220.151.67,925-785-1410
726,Luca,MacGragh,lmacgraghk5@sciencedirect.com,Genderfluid,120.123.217.157,917-223-2467
727,Iggie,Labes,ilabesk6@apache.org,Agender,42.165.201.91,233-447-8624
728,Doreen,Mc Ilory,dmciloryk7@ebay.com,Female,84.63.228.155,275-705-8917
729,Vernen,Awton,vawtonk8@smh.com.au,Male,65.134.89.46,664-314-6663
730,Ermanno,Jenman,ejenmank9@toplist.cz,Agender,114.88.71.55,429-354-2678
731,Dorena,Jinkins,djinkinska@google.de,Female,174.137.175.143,939-548-5224
732,Mariele,Pratchett,mpratchettkb@github.com,Female,161.179.14.11,776-961-0889
733,Tony,Burg,tburgkc@qq.com,Female,67.55.117.217,262-510-6031
734,Joice,Brendish,jbrendishkd@omniture.com,Female,3.183.19.115,545-918-0439
735,Dore,Strewther,dstrewtherke@irs.gov,Male,169.205.164.137,297-317-5344
736,Byram,Mitkin,bmitkinkf@redcross.org,Male,175.2.84.32,227-468-3560
737,Conny,Helgass,chelgasskg@unc.edu,Male,161.239.103.133,669-218-9056
738,Celeste,Geerdts,cgeerdtskh@foxnews.com,Female,250.102.180.44,452-236-8071
739,Sianna,Southcombe,ssouthcombeki@icio.us,Bigender,170.56.114.140,660-505-8906
740,Vale,Harrington,vharringtonkj@intel.com,Male,200.29.80.161,666-756-4192
741,Clarke,Hemstead,chemsteadkk@fastcompany.com,Non-binary,228.78.46.21,298-159-1488
742,Cristen,Von Gladbach,cvongladbachkl@zimbio.com,Female,247.157.154.39,202-344-2930
743,Kelley,Sparshott,ksparshottkm@parallels.com,Male,137.128.110.211,894-617-7270
744,Olivia,Cobon,ocobonkn@wikipedia.org,Female,217.155.17.128,883-123-8742
745,Humberto,Goulborne,hgoulborneko@intel.com,Male,235.195.139.213,534-702-5685
746,Regan,Offord,roffordkp@over-blog.com,Male,153.163.132.202,402-653-8112
747,Brok,Rosenschein,brosenscheinkq@drupal.org,Male,144.251.27.6,108-949-2248
748,Annecorinne,de Quesne,adequesnekr@wikipedia.org,Female,222.179.175.114,145-924-1829
749,Murray,Buddell,mbuddellks@mlb.com,Male,31.144.237.66,911-397-3806
750,Alphonso,Tombleson,atomblesonkt@gizmodo.com,Male,11.140.203.15,936-561-6718
751,Zacharie,Lusty,zlustyku@digg.com,Male,238.96.242.6,681-412-6770
752,Gill,Giacopetti,ggiacopettikv@microsoft.com,Male,227.178.173.190,721-845-0404
753,Patric,Slocombe,pslocombekw@livejournal.com,Male,139.100.31.153,667-542-3606
754,Vic,Powter,vpowterkx@gizmodo.com,Male,237.160.74.189,253-541-3543
755,Alli,Goskar,agoskarky@xinhuanet.com,Female,136.209.224.198,237-267-5541
756,Missy,Stubbe,mstubbekz@bluehost.com,Female,192.236.35.117,572-821-2429
757,Reggy,Dulany,rdulanyl0@indiatimes.com,Agender,118.168.214.251,622-660-7264
758,Guntar,Mote,gmotel1@nsw.gov.au,Male,159.134.74.162,203-922-5108
759,Brinn,Uebel,buebell2@nydailynews.com,Female,147.132.165.200,712-670-6829
760,Linoel,Pattingson,lpattingsonl3@yelp.com,Male,135.113.112.115,566-889-2317
761,Correy,Jensen,cjensenl4@opensource.org,Male,181.67.6.74,396-438-0306
762,Nat,Gutridge,ngutridgel5@europa.eu,Male,87.159.133.14,330-432-7095
763,Emmit,Meredyth,emeredythl6@webs.com,Male,100.51.34.0,444-484-0975
764,Langsdon,Gerty,lgertyl7@apple.com,Male,91.245.78.157,177-653-1450
765,Alexandra,Dumpleton,adumpletonl8@jugem.jp,Female,76.47.194.127,725-185-5823
766,Darell,Maidlow,dmaidlowl9@cbslocal.com,Female,251.184.67.213,351-477-6244
767,Rosalie,Kusick,rkusickla@disqus.com,Female,135.147.60.105,876-785-9113
768,Tess,Smither,tsmitherlb@salon.com,Female,191.238.70.106,294-793-9449
769,Hillyer,Juanico,hjuanicolc@infoseek.co.jp,Male,126.165.25.154,381-666-8858
770,Ricoriki,Stiddard,rstiddardld@symantec.com,Male,1.197.20.241,754-962-2291
771,Janek,Abramowitch,jabramowitchle@twitter.com,Male,155.14.92.79,854-296-8178
772,Brear,Tinham,btinhamlf@wikia.com,Female,42.117.113.131,831-762-5637
773,Marieann,Foulser,mfoulserlg@squidoo.com,Polygender,190.67.190.99,247-588-5675
774,Worth,Able,wablelh@google.co.uk,Male,234.190.74.149,125-313-8685
775,Constancy,Francais,cfrancaisli@jalbum.net,Female,88.214.50.141,493-440-1844
776,Casper,Gately,cgatelylj@shareasale.com,Polygender,29.213.38.84,125-487-3282
777,Rodrique,Jenckes,rjenckeslk@livejournal.com,Male,129.112.184.171,871-580-3876
778,Johnnie,Hendriks,jhendriksll@merriam-webster.com,Polygender,120.158.116.116,465-513-6791
779,Petra,Scriver,pscriverlm@storify.com,Female,129.8.205.168,478-275-6447
780,Cosimo,Greswell,cgreswellln@linkedin.com,Male,115.64.192.190,426-179-9585
781,Dagmar,Coldicott,dcoldicottlo@flickr.com,Female,70.86.0.224,952-962-3767
782,Kelvin,Silverman,ksilvermanlp@mapquest.com,Male,25.163.193.31,271-654-7857
783,Web,Lejeune,wlejeunelq@cocolog-nifty.com,Male,57.230.166.205,492-761-7586
784,Orin,Gallardo,ogallardolr@de.vu,Male,108.252.132.59,584-927-1855
785,Osborne,Tortice,otorticels@adobe.com,Male,68.239.22.6,502-503-7759
786,Carmine,Antoney,cantoneylt@gov.uk,Female,12.105.194.163,957-430-5218
787,Marcelo,De Brett,mdebrettlu@techcrunch.com,Male,122.124.153.25,154-162-0345
788,Vittoria,Barson,vbarsonlv@smugmug.com,Female,217.35.72.34,579-289-4361
789,Sibylle,Eggerton,seggertonlw@techcrunch.com,Female,155.135.123.204,631-253-5564
790,Joe,Battin,jbattinlx@chronoengine.com,Non-binary,75.67.224.221,263-297-9937
791,Armand,Arsmith,aarsmithly@zimbio.com,Male,184.161.137.75,881-364-4343
792,Abba,Augar,aaugarlz@comcast.net,Male,124.29.253.144,560-687-2876
793,Terrijo,Kybird,tkybirdm0@phoca.cz,Genderqueer,103.26.241.246,454-304-0940
794,Kipp,Worsfold,kworsfoldm1@devhub.com,Male,141.103.57.229,475-807-5171
795,Tome,Flips,tflipsm2@narod.ru,Male,20.122.19.21,316-615-0318
796,Bent,Piatti,bpiattim3@uiuc.edu,Male,231.161.222.79,441-497-6599
797,Curt,Kubas,ckubasm4@barnesandnoble.com,Male,136.121.44.104,916-810-5182
798,Clement,Abercrombie,cabercrombiem5@yahoo.co.jp,Male,109.13.106.56,400-803-7949
799,Octavius,Greatreax,ogreatreaxm6@hubpages.com,Male,91.82.248.9,123-629-6867
800,Hunter,Hardistry,hhardistrym7@cpanel.net,Male,43.231.66.109,598-339-6698
801,Elnar,Gorner,egornerm8@yellowbook.com,Male,42.165.255.251,892-661-1495
802,Ava,Follet,afolletm9@mozilla.org,Female,129.64.95.29,124-623-4649
803,Giffy,Stean,gsteanma@hubpages.com,Male,59.127.24.110,185-417-0505
804,Shermy,Bramhall,sbramhallmb@blog.com,Male,250.26.7.131,842-121-5057
805,Billye,Stolberger,bstolbergermc@fotki.com,Agender,131.79.16.215,209-858-2439
806,Amity,Heisler,aheislermd@unesco.org,Female,40.134.199.181,545-473-1774
807,Huey,Gavozzi,hgavozzime@ox.ac.uk,Male,32.102.100.187,863-986-4492
808,Aron,Widdowes,awiddowesmf@istockphoto.com,Male,61.78.98.248,324-959-0567
809,Weider,Benit,wbenitmg@statcounter.com,Male,20.119.193.30,310-200-0488
810,Reyna,Harp,rharpmh@ehow.com,Female,118.108.178.193,773-302-8463
811,Cull,Busen,cbusenmi@si.edu,Male,227.121.90.148,320-597-7383
812,Moshe,Lewsy,mlewsymj@hp.com,Male,245.197.137.2,146-193-3406
813,Gianina,Hyman,ghymanmk@wired.com,Female,72.64.118.191,525-976-6305
814,Dianna,Stovold,dstovoldml@lycos.com,Female,16.213.204.45,834-784-1983
815,Gifford,Balog,gbalogmm@wikimedia.org,Polygender,154.190.189.34,882-994-4437
816,Sayre,Heakey,sheakeymn@ehow.com,Genderqueer,86.205.213.106,466-720-8946
817,Maribelle,McKeand,mmckeandmo@weather.com,Female,247.148.77.12,611-802-6038
818,Abie,Hawkeswood,ahawkeswoodmp@google.com.hk,Male,231.96.42.114,128-909-0545
819,Edgard,Jefferies,ejefferiesmq@nsw.gov.au,Male,231.13.153.79,114-555-5045
820,Joletta,Levensky,jlevenskymr@engadget.com,Female,22.221.27.103,480-609-3537
821,Hale,Cowherd,hcowherdms@elpais.com,Male,222.9.76.80,910-315-1756
822,Britteny,Downs,bdownsmt@php.net,Female,82.74.75.203,234-396-8682
823,Vanna,Tarbin,vtarbinmu@mail.ru,Female,184.170.72.188,169-393-3174
824,Klemens,Partner,kpartnermv@creativecommons.org,Bigender,191.212.16.97,343-959-6135
825,Trent,Whittick,twhittickmw@artisteer.com,Male,85.94.189.254,987-411-4365
826,Beatrix,Riguard,briguardmx@unc.edu,Female,101.92.43.179,641-831-4180
827,Tristam,Haugeh,thaugehmy@umn.edu,Genderfluid,25.229.139.127,477-218-5303
828,Jami,Olech,jolechmz@mapquest.com,Female,98.47.53.156,754-392-0155
829,Feodora,Lumsdaine,flumsdainen0@hostgator.com,Female,152.104.232.173,338-555-4412
830,Ruddie,Fain,rfainn1@slate.com,Male,106.3.47.187,230-259-4103
831,Bab,McCloy,bmccloyn2@marketwatch.com,Female,194.135.5.236,992-365-5709
832,Julia,Gheeraert,jgheeraertn3@businessweek.com,Female,179.150.133.56,474-496-7696
833,Pieter,Oldershaw,poldershawn4@sourceforge.net,Male,58.124.64.66,731-407-3664
834,Darryl,Bartalucci,dbartaluccin5@harvard.edu,Female,63.249.187.113,864-559-5940
835,Nerty,Ayre,nayren6@free.fr,Female,133.76.108.243,168-435-6387
836,Brena,Jotcham,bjotchamn7@nationalgeographic.com,Female,48.200.135.99,143-681-4761
837,Ryon,Iwanowski,riwanowskin8@tiny.cc,Male,226.155.128.197,214-131-7970
838,Liesa,Nassie,lnassien9@so-net.ne.jp,Female,199.86.135.31,974-877-4308
839,Gar,Gammidge,ggammidgena@gravatar.com,Male,158.14.0.237,246-624-8273
840,Woodman,Desborough,wdesboroughnb@parallels.com,Male,0.254.50.246,579-246-3875
841,Mariska,Duffill,mduffillnc@hp.com,Female,20.236.122.198,841-530-8313
842,Gabey,Meatyard,gmeatyardnd@diigo.com,Female,171.150.131.136,764-806-5144
843,Teddy,Treleven,ttrelevenne@bandcamp.com,Female,212.16.150.170,309-299-1126
844,Valma,Pingstone,vpingstonenf@qq.com,Agender,120.182.78.237,305-161-2512
845,Addy,Ungerecht,aungerechtng@boston.com,Female,90.116.78.210,634-493-4844
846,Britni,Olyfat,bolyfatnh@hc360.com,Female,8.188.209.95,886-497-9849
847,Aleece,Conahy,aconahyni@netscape.com,Female,153.190.31.65,678-343-7681
848,Penni,Dawtrey,pdawtreynj@1und1.de,Female,14.50.216.232,979-679-8762
849,Ines,Jaskowicz,ijaskowicznk@google.ru,Female,93.20.20.53,649-916-3046
850,Gordy,Lamond,glamondnl@cnbc.com,Male,215.185.16.253,778-429-0650
851,Ax,Mcimmie,amcimmienm@digg.com,Male,148.119.183.186,651-547-1277
852,Edik,Brayshaw,ebrayshawnn@com.com,Male,250.52.1.161,731-496-8250
853,Dugald,Sawden,dsawdenno@miibeian.gov.cn,Male,187.100.242.71,985-878-3587
854,Robinetta,Hovard,rhovardnp@goodreads.com,Female,71.31.254.119,584-834-2977
855,Clywd,Simmons,csimmonsnq@pbs.org,Male,95.51.215.232,527-931-0334
856,Whit,Attenbrow,wattenbrownr@hhs.gov,Male,113.42.166.23,962-997-2620
857,Cybill,Bullock,cbullockns@guardian.co.uk,Female,25.140.216.9,704-319-9041
858,Casar,Castiglioni,ccastiglionint@google.cn,Male,137.108.72.2,280-383-9958
859,Yankee,Walsh,ywalshnu@mlb.com,Male,119.48.231.30,409-293-9654
860,Jayme,Moulsdale,jmoulsdalenv@furl.net,Female,86.200.34.59,380-376-8490
861,Lynett,Runcie,lruncienw@webeden.co.uk,Female,13.168.184.75,351-152-6698
862,Una,Abrahart,uabrahartnx@wired.com,Female,58.193.189.106,286-757-5794
863,Myrta,Andreuzzi,mandreuzziny@mashable.com,Female,116.28.77.108,518-203-5239
864,Thatch,Steanson,tsteansonnz@reuters.com,Male,232.14.176.157,961-637-1413
865,Banky,Kasbye,bkasbyeo0@rambler.ru,Male,13.194.137.136,131-253-9205
866,Borden,Conneely,bconneelyo1@google.ru,Male,75.89.166.194,670-379-7194
867,Leontyne,Deamer,ldeamero2@netlog.com,Female,144.88.195.237,608-781-1929
868,Ottilie,Cotman,ocotmano3@elpais.com,Female,195.204.38.97,666-386-0196
869,Maude,Dunthorn,mdunthorno4@google.com,Female,116.136.165.90,272-599-3450
870,Tiebout,Piggford,tpiggfordo5@ezinearticles.com,Male,18.59.100.51,820-389-7845
871,Moshe,Geddis,mgeddiso6@soundcloud.com,Male,192.5.7.44,946-402-0433
872,Tessa,Nesterov,tnesterovo7@google.es,Female,186.249.163.18,492-712-8478
873,Thomas,Lenoir,tlenoiro8@ehow.com,Male,95.120.141.132,922-775-6701
874,Freda,McGoldrick,fmcgoldricko9@vk.com,Female,8.17.53.217,554-234-9100
875,Romeo,Pury,rpuryoa@dagondesign.com,Male,217.108.50.10,485-851-2325
876,Selle,Murden,smurdenob@usnews.com,Female,137.183.132.165,653-525-8192
877,Aubrie,Riall,arialloc@barnesandnoble.com,Female,222.51.9.67,882-974-2997
878,Ford,Tosspell,ftosspellod@nbcnews.com,Male,224.204.212.250,263-600-2504
879,Emiline,Kennally,ekennallyoe@icio.us,Female,170.235.11.193,104-623-3293
880,Nye,Eschalotte,neschalotteof@hao123.com,Male,180.230.108.73,117-350-0777
881,Terra,Ivermee,tivermeeog@vinaora.com,Female,102.104.93.15,672-169-1613
882,Dalton,Hane,dhaneoh@cnet.com,Male,108.35.40.251,912-912-6053
883,Bryanty,Burtonwood,bburtonwoodoi@loc.gov,Male,182.160.35.34,482-976-1002
884,Alvin,Kennagh,akennaghoj@pen.io,Male,12.250.217.114,558-373-5535
885,Billie,Pouck,bpouckok@xinhuanet.com,Female,150.227.184.159,410-387-8374
886,Hulda,Graber,hgraberol@friendfeed.com,Female,85.25.141.35,693-962-7395
887,Ingeborg,Herrema,iherremaom@statcounter.com,Female,129.138.167.72,261-792-9142
888,Tabina,Luscombe,tluscombeon@creativecommons.org,Genderqueer,251.229.207.243,891-985-1971
889,Brodie,Dreinan,bdreinanoo@paginegialle.it,Male,57.162.12.160,699-183-5805
890,Gipsy,Bantock,gbantockop@mozilla.com,Female,169.85.241.32,184-272-6294
891,Marwin,Foye,mfoyeoq@berkeley.edu,Male,171.216.210.139,958-342-1029
892,Nani,Sottell,nsottellor@reference.com,Female,246.171.178.37,258-287-9763
893,Pearle,Gott,pgottos@who.int,Female,14.23.142.91,804-657-2970
894,Alvera,Scirman,ascirmanot@hatena.ne.jp,Female,115.224.148.90,409-163-2133
895,Dorotea,Flucks,dflucksou@examiner.com,Female,143.61.49.57,713-607-7632
896,Jude,Nunan,jnunanov@comsenz.com,Male,93.151.58.160,271-131-1536
897,Rafferty,Whitten,rwhittenow@wufoo.com,Male,68.148.176.218,175-945-6747
898,Em,Gredden,egreddenox@sakura.ne.jp,Male,64.210.2.129,572-795-6665
899,Bran,Pollett,bpollettoy@comcast.net,Male,226.202.130.137,786-147-5621
900,Zebedee,Gant,zgantoz@w3.org,Male,100.138.32.136,758-255-5554
901,Kinny,Sacker,ksackerp0@google.ru,Male,54.87.238.179,581-577-9885
902,Sven,Pursey,spurseyp1@sfgate.com,Male,182.122.169.161,259-395-5418
903,Bev,Shireff,bshireffp2@freewebs.com,Male,2.203.15.166,315-640-8060
904,Kimmie,Kinde,kkindep3@cbc.ca,Female,61.49.101.44,869-216-2464
905,Tanner,Bushaway,tbushawayp4@smugmug.com,Male,81.50.24.114,728-954-9225
906,Hillery,McCromley,hmccromleyp5@bravesites.com,Male,112.27.143.93,418-911-6666
907,Edmon,Clery,ecleryp6@youtu.be,Non-binary,225.193.34.222,615-558-7003
908,Aurora,Scupham,ascuphamp7@tiny.cc,Female,191.4.253.85,633-614-4822
909,Hogan,Hawken,hhawkenp8@pcworld.com,Male,86.255.54.13,688-855-3839
910,Jens,Dungee,jdungeep9@google.es,Male,254.57.119.7,687-596-0640
911,Darby,McIvor,dmcivorpa@eepurl.com,Male,118.206.18.130,287-900-4242
912,Darby,Beacham,dbeachampb@theatlantic.com,Male,194.20.2.28,946-499-2077
913,Cassie,Duggan,cdugganpc@surveymonkey.com,Female,43.135.202.71,110-790-8010
914,Jard,Allitt,jallittpd@youtu.be,Male,1.45.87.186,753-827-7623
915,Dickie,Duer,dduerpe@typepad.com,Male,133.48.59.245,405-119-7799
916,Gearard,Geal,ggealpf@bbb.org,Male,209.84.218.128,396-362-8613
917,Averell,McGuggy,amcguggypg@google.com,Male,14.76.246.169,942-296-7180
918,Emelina,Lorden,elordenph@dagondesign.com,Female,178.26.243.15,518-340-7456
919,Caryn,Ravel,cravelpi@rediff.com,Female,165.230.166.100,865-468-3251
920,Karalynn,Hedin,khedinpj@symantec.com,Female,2.238.187.213,671-901-9352
921,Drugi,Phaup,dphauppk@princeton.edu,Male,186.128.133.159,861-423-1979
922,Ferguson,Shakelade,fshakeladepl@i2i.jp,Male,227.226.165.19,478-240-5654
923,Bernie,Melmore,bmelmorepm@live.com,Female,194.49.89.188,378-702-0616
924,Teirtza,Itzkovich,titzkovichpn@google.com.au,Female,64.218.89.80,665-688-0253
925,Sherill,Ordemann,sordemannpo@cnn.com,Female,234.92.2.97,966-955-4751
926,Westbrook,Petracci,wpetraccipp@netvibes.com,Male,97.236.222.136,608-634-4826
927,Marwin,Egentan,megentanpq@reverbnation.com,Male,241.46.12.30,525-337-5057
928,Klemens,Duthy,kduthypr@squidoo.com,Male,32.231.79.165,926-942-6806
929,Jordanna,Ellacott,jellacottps@accuweather.com,Female,51.10.39.48,278-152-2609
930,Neel,Giroldi,ngiroldipt@ftc.gov,Male,117.206.189.201,810-514-5953
931,Andriette,McAnellye,amcanellyepu@squidoo.com,Female,102.91.62.6,430-918-7275
932,Brett,Cavendish,bcavendishpv@google.com.au,Bigender,250.118.211.102,897-519-9290
933,Hobart,Witsey,hwitseypw@joomla.org,Male,225.7.144.98,451-945-2582
934,Agnes,Barritt,abarrittpx@aboutads.info,Agender,249.121.74.152,485-438-4856
935,Cullen,Haylett,chaylettpy@wikimedia.org,Male,43.192.213.235,853-734-4114
936,Rozamond,Chuney,rchuneypz@ezinearticles.com,Polygender,159.15.149.6,250-303-7444
937,Towny,Sheryn,tsherynq0@theguardian.com,Male,48.174.89.23,890-104-1265
938,Tallou,Loker,tlokerq1@google.pl,Female,1.179.30.86,964-762-1753
939,Egor,Nyles,enylesq2@techcrunch.com,Male,249.114.105.123,266-183-3269
940,Tobie,Hackley,thackleyq3@amazon.co.jp,Male,251.98.69.12,387-528-2154
941,Valle,Bruna,vbrunaq4@biglobe.ne.jp,Male,88.56.66.197,755-854-6780
942,Sayre,Wayland,swaylandq5@prnewswire.com,Male,220.157.147.79,206-429-2906
943,Keane,Arnaudi,karnaudiq6@netscape.com,Male,36.183.85.99,206-517-5230
944,Jolynn,Shalders,jshaldersq7@gizmodo.com,Female,234.84.1.150,403-920-1556
945,Rudyard,Petrollo,rpetrolloq8@dagondesign.com,Male,61.19.242.160,740-126-4592
946,Yevette,Brotherhead,ybrotherheadq9@google.com.au,Female,178.39.216.173,602-870-8121
947,York,Coultass,ycoultassqa@vimeo.com,Male,127.162.135.225,906-930-7712
948,Angela,Rumsey,arumseyqb@google.pl,Female,141.1.30.27,201-886-4135
949,Colline,Ulster,culsterqc@washingtonpost.com,Genderfluid,41.152.221.22,934-165-4071
950,Evelina,Westwick,ewestwickqd@nifty.com,Female,255.87.215.6,806-581-0893
951,Jolee,Dike,jdikeqe@4shared.com,Female,166.31.87.109,436-723-5256
952,Xaviera,Jeanesson,xjeanessonqf@patch.com,Genderqueer,251.208.27.193,264-750-6142
953,Renelle,Bristowe,rbristoweqg@samsung.com,Female,154.201.64.67,176-461-2704
954,Bili,Halling,bhallingqh@elegantthemes.com,Female,90.119.220.107,257-558-2038
955,Kaylil,Mougel,kmougelqi@weibo.com,Female,213.50.202.121,876-319-9044
956,Abby,Jager,ajagerqj@google.it,Female,223.72.116.72,769-704-8351
957,Lucienne,Merrgan,lmerrganqk@usda.gov,Female,129.241.101.167,626-862-7796
958,Stacy,Offen,soffenql@senate.gov,Male,118.40.143.161,353-729-8148
959,Basia,Limbert,blimbertqm@furl.net,Female,32.41.217.29,512-714-0805
960,Kimble,Jennins,kjenninsqn@nytimes.com,Male,47.75.124.14,942-834-1297
961,Clarey,Douche,cdoucheqo@hugedomains.com,Female,150.99.122.141,327-819-7787
962,Germain,Mackie,gmackieqp@cbc.ca,Male,159.77.97.248,118-977-6422
963,Reid,Mingauld,rmingauldqq@wp.com,Male,41.191.67.130,299-222-7857
964,Jefferey,Whysall,jwhysallqr@taobao.com,Male,200.230.173.100,343-663-6551
965,Dedie,Thresher,dthresherqs@dropbox.com,Female,196.247.7.88,478-410-8671
966,Barthel,Peterken,bpeterkenqt@bluehost.com,Male,233.87.140.161,693-112-6081
967,Sissie,Costelloe,scostelloequ@accuweather.com,Female,204.18.171.36,312-429-0956
968,Hector,Filipovic,hfilipovicqv@nymag.com,Non-binary,8.91.220.63,380-624-8472
969,Nedi,Hardi,nhardiqw@webeden.co.uk,Bigender,12.150.121.179,995-820-8272
970,Danell,Haggish,dhaggishqx@hhs.gov,Agender,5.179.109.115,855-745-8232
971,Syd,McManamen,smcmanamenqy@indiegogo.com,Male,11.243.81.232,328-328-8206
972,Simmonds,Ditchfield,sditchfieldqz@psu.edu,Male,143.3.42.161,924-502-1484
973,Vite,Gorman,vgormanr0@comsenz.com,Male,247.160.234.17,718-961-4436
974,Elmira,Rackley,erackleyr1@census.gov,Female,12.204.179.72,820-678-7609
975,Leanora,Jekyll,ljekyllr2@businessinsider.com,Female,45.202.80.137,286-238-1302
976,Lorrie,Safe,lsafer3@furl.net,Female,44.130.6.28,562-615-9936
977,Vivienne,Poznan,vpoznanr4@instagram.com,Female,49.9.188.43,842-404-7340
978,Elfrieda,Cattermole,ecattermoler5@dell.com,Bigender,54.44.168.220,913-597-1198
979,Lacee,Jehan,ljehanr6@scribd.com,Female,81.232.24.225,231-274-3275
980,Alphonse,Josse,ajosser7@intel.com,Male,8.147.124.85,141-386-2717
981,Selinda,Leaburn,sleaburnr8@nps.gov,Genderfluid,109.236.135.55,337-840-9696
982,Dorothea,Smullin,dsmullinr9@hugedomains.com,Female,5.62.190.106,508-795-0680
983,Caro,Gooley,cgooleyra@dot.gov,Female,226.75.203.179,289-434-0379
984,Chrotoem,Ashplant,cashplantrb@ifeng.com,Male,150.115.196.23,615-534-7328
985,Corie,Boothman,cboothmanrc@ovh.net,Female,178.87.154.121,785-278-5611
986,Natal,Wickham,nwickhamrd@ebay.co.uk,Male,241.233.223.176,725-558-2094
987,Albert,Nuton,anutonre@netscape.com,Male,23.120.228.84,540-428-4590
988,Jandy,Patrick,jpatrickrf@amazon.co.jp,Female,120.15.238.160,164-384-1561
989,Kelcy,Zeplin,kzeplinrg@163.com,Female,128.119.127.187,282-303-9449
990,Desmund,Mutlow,dmutlowrh@google.nl,Male,123.105.251.163,492-836-3646
991,Salmon,Lentsch,slentschri@squarespace.com,Male,104.197.252.179,209-496-7759
992,Osmund,Mosen,omosenrj@biglobe.ne.jp,Bigender,252.22.221.231,165-771-8649
993,Caldwell,Tregian,ctregianrk@ibm.com,Male,27.24.154.23,216-102-6464
994,Robinia,Winborn,rwinbornrl@myspace.com,Female,31.110.237.183,180-369-7633
995,Maynord,Kerry,mkerryrm@army.mil,Male,65.73.148.222,193-214-8784
996,Oberon,Dadge,odadgern@msu.edu,Male,3.78.21.31,820-924-3703
997,Ronnie,Naldrett,rnaldrettro@army.mil,Male,40.137.175.180,789-180-2377
998,Vanya,Bonifant,vbonifantrp@rambler.ru,Female,2.152.134.118,636-130-1481
999,Constance,Tingley,ctingleyrq@wikia.com,Female,196.10.201.181,861-757-2562
1000,Tiler,Clemow,tclemowrr@google.cn,Male,146.56.103.237,161-748-7488
